hotspot_id,jurisdiction,severity,location_raw,traffic_ps,circle_no_clean,geocode_query,source_file,point_no_in_source,latitude,longitude,geocode_match_quality,geocoded_display_name,geocode_query_used,geocode_query_used_v3,geocode_precision,map_latitude,map_longitude,jittered_for_display,elevation_m,Aug2000_flood_total_mm,Aug2008_flood_total_mm,Oct2020_flood_total_mm,Aug2000_flood_max_daily_mm,Aug2008_flood_max_daily_mm,Oct2020_flood_max_daily_mm,snapshot_date,current_day_rain_mm,cum_rainfall_3day,cum_rainfall_5day,slope_degrees
HR0001,GHMC-Hyderabad,Critical,"Oliphant Bridge both sides, near Chilkalguda X Roads, Secunderabad",Gopalpuram,29,"Oliphant Bridge both sides, near Chilkalguda X Roads, Secunderabad, Gopalpuram, Hyderabad, Telangana, India",Critical_Water_Logging_Points_with_Alternative_Routes.pdf,1,17.4337246,78.5006827,retry_success,"Secunderabad, Hyderabad, Telangana, 500003, India","Secunderabad, Hyderabad, Telangana, India",,unresolved,17.4337246,78.5006827,False,540.9121660831945,249.8,237.7,165.5,128.0,58.8,73.2,2026-09-09,1.6,15.6,23.4,1.6940663091869919
HR0002,GHMC-Hyderabad,Critical,Between Graveyard & RUB Chilaklguda on The Road between Alugaddabavi & Chilkalguda,Gopalpuram,29,"Between Graveyard & RUB Chilaklguda on The Road between Alugaddabavi & Chilkalguda, Gopalpuram, Hyderabad, Telangana, India",Critical_Water_Logging_Points_with_Alternative_Routes.pdf,2,17.4282375,78.5164859,manual_lookup,"Chilkalguda, Secunderabad (manual lookup)",,,unresolved,17.4282375,78.5164859,False,525.469727800029,249.8,237.7,174.5,128.0,58.8,73.6,2026-09-09,2.2,11.1,19.2,2.583677717161134
HR0003,GHMC-Hyderabad,Critical,"Lake View Guest House, Raj Bhavan Road",Panjagutta,17,"Lake View Guest House, Raj Bhavan Road, Panjagutta, Hyderabad, Telangana, India",Critical_Water_Logging_Points_with_Alternative_Routes.pdf,3,17.4168732,78.4591225,full,"Lake View Guest House, Raj Bhavan quarters road, Irrum Manzil, Khairatabad, Ward 91 Khairatabad, Greater Hyderabad Municipal Corporation Central Zone, Hyderabad, Khairatabad mandal, Hyderabad, Telangana, 500082, India",,"Lake View Guest House, Raj Bhavan Road, Hyderabad, Telangana, India",point_level,17.4168732,78.4591225,False,532.5845200000281,249.8,237.7,170.7,128.0,58.8,80.5,2026-09-09,2.6,14.6,22.1,1.3680806498845441
HR0004,GHMC-Hyderabad,Critical,"Villa Mary College, Raj Bhavan Road",Panjagutta,17,"Villa Mary College, Raj Bhavan Road, Panjagutta, Hyderabad, Telangana, India",Critical_Water_Logging_Points_with_Alternative_Routes.pdf,4,17.4254245,78.4517519,full,"Panjagutta, Ward 91 Khairatabad, Greater Hyderabad Municipal Corporation Central Zone, Hyderabad, Khairatabad mandal, Hyderabad, Telangana, 500082, India",,"Panjagutta, Hyderabad, Telangana, India",ward_level,17.4256648,78.45209750000001,True,534.6338728880137,249.8,237.7,170.7,128.0,58.8,80.5,2026-09-09,2.6,14.6,22.1,3.788544489188391
HR0005,GHMC-Hyderabad,Critical,"Near Model House, Panjagutta",Panjagutta,17,"Near Model House, Panjagutta, Hyderabad, Telangana, India",Critical_Water_Logging_Points_with_Alternative_Routes.pdf,5,17.4242374,78.4530221,full,"Model House, Model house, Saibaba Temple Road, Dwarkapuri Colony, Panjagutta, Ward 91 Khairatabad, Greater Hyderabad Municipal Corporation Central Zone, Hyderabad, Khairatabad mandal, Hyderabad, Telangana, 500082, India",,"Model House, Panjagutta, Hyderabad, Telangana, India",point_level,17.4242374,78.4530221,False,531.8165711584202,249.8,237.7,170.7,128.0,58.8,80.5,2026-09-09,2.6,14.6,22.1,6.7327969942731105
HR0006,GHMC-Hyderabad,Critical,"K.C.P Junction, Near RTA office, Khairatabad.",Panjagutta,17,"K.C.P Junction, Near RTA office, Khairatabad., Panjagutta, Hyderabad, Telangana, India",Critical_Water_Logging_Points_with_Alternative_Routes.pdf,6,17.4254245,78.4517519,full,"Panjagutta, Ward 91 Khairatabad, Greater Hyderabad Municipal Corporation Central Zone, Hyderabad, Khairatabad mandal, Hyderabad, Telangana, 500082, India",,"Panjagutta, Hyderabad, Telangana, India",ward_level,17.4257854,78.45230000000001,True,534.6338728880137,249.8,237.7,170.7,128.0,58.8,80.5,2026-09-09,2.6,14.6,22.1,3.788544489188391
HR0007,GHMC-Hyderabad,Critical,"Near Balkampet , RUB",SR Nagar,17,"Near Balkampet , RUB, SR Nagar, Hyderabad, Telangana, India",Critical_Water_Logging_Points_with_Alternative_Routes.pdf,7,17.4452312,78.4449117,full,"SR Nagar, Ward 98 Ameerpet, Greater Hyderabad Municipal Corporation Central Zone, Hyderabad, Ameerpet mandal, Hyderabad, Telangana, 500038, India",,"SR Nagar, Hyderabad, Telangana, India",ward_level,17.4452312,78.4449117,False,541.3711821183774,249.8,237.7,161.2,128.0,58.8,77.6,2026-09-09,2.5,18.8,23.3,2.5558813867917674
HR0008,GHMC-Hyderabad,Critical,"Neeru’s Show Room, Road No.36/100 , Jublee Hills",Jubilee Hills,18,"Neeru’s Show Room, Road No.36/100 , Jublee Hills, Jubilee Hills, Hyderabad, Telangana, India",Critical_Water_Logging_Points_with_Alternative_Routes.pdf,8,17.4308362,78.4102882,full,"Jubilee Hills, Ward 95 Jubilee Hills, Greater Hyderabad Municipal Corporation Central Zone, Hyderabad, Shaikpet mandal, Hyderabad, Telangana, 500033, India",,"Jubilee Hills, Hyderabad, Telangana, India",ward_level,17.4308362,78.4102882,False,602.068867206405,249.8,237.7,163.0,128.0,58.8,90.2,2026-09-09,0.9,13.099999999999998,18.5,6.316464522095239
HR0009,GHMC-Hyderabad,Critical,"Opp: Mylan Showroom, Road No. 92,Near Apollo Cradle Hospital, Jubilee Hills",Banjara Hills,18,"Opp: Mylan Showroom, Road No. 92,Near Apollo Cradle Hospital, Jubilee Hills, Banjara Hills, Hyderabad, Telangana, India",Critical_Water_Logging_Points_with_Alternative_Routes.pdf,9,17.4177464,78.4399014,full,"Banjara Hills, Ward 92 Venkateshwara Colony, Greater Hyderabad Municipal Corporation Central Zone, Hyderabad, Shaikpet mandal, Hyderabad, Telangana, 500034, India",,"Banjara Hills, Hyderabad, Telangana, India",ward_level,17.417275699999998,78.4393128,True,580.9438237183992,249.8,237.7,170.7,128.0,58.8,80.5,2026-09-09,2.6,14.6,22.1,3.3070119549551524
HR0010,GHMC-Hyderabad,Critical,"Opp: Bombay Hotel, Ranigunj “x” Road",Begumpet,30,"Opp: Bombay Hotel, Ranigunj “x” Road, Begumpet, Hyderabad, Telangana, India",Critical_Water_Logging_Points_with_Alternative_Routes.pdf,10,17.446195,78.463016,full,"Begumpet, Ward 149 Begumpet, Greater Hyderabad Municipal Corporation North Zone, Hyderabad, Balanagar mandal, Medchal–Malkajgiri, Telangana, 500133, India",,"Begumpet, Hyderabad, Telangana, India",ward_level,17.4460528,78.4636433,True,528.4013952000082,249.8,237.7,161.2,128.0,58.8,77.6,2026-09-09,2.5,18.8,23.3,1.8872357197267793
HR0011,GHMC-Hyderabad,Critical,"Near Tapadia Diagnostic Centre, Opp. Chikkadpally L&O PS.",Chikkadpally,15,"Near Tapadia Diagnostic Centre, Opp. Chikkadpally L&O PS., Hyderabad, Telangana, India",Critical_Water_Logging_Points_with_Alternative_Routes.pdf,11,17.400939,78.4976319,full,"Chikkadpally, Ward 87 Ramnagar, Greater Hyderabad Municipal Corporation Central Zone, Hyderabad, Himayatnagar mandal, Hyderabad, Telangana, 500027, India",,"Chikkadpally, Hyderabad, Telangana, India",ward_level,17.4009048,78.4976769,True,497.3804000000037,249.8,237.7,170.7,128.0,58.8,80.5,2026-09-09,2.6,14.6,22.1,1.6634929636617162
HR0012,GHMC-Hyderabad,Critical,"Near Minerva Hotel, Himayat Nagar",Narayanguda,16,"Near Minerva Hotel, Himayat Nagar, Narayanguda, Hyderabad, Telangana, India",Critical_Water_Logging_Points_with_Alternative_Routes.pdf,12,17.3981159,78.4885006,full,"Narayanguda, Ward 79 Himayath Nagar, Greater Hyderabad Municipal Corporation Central Zone, Hyderabad, Himayatnagar mandal, Hyderabad, Telangana, 500029, India",,"Narayanguda, Hyderabad, Telangana, India",ward_level,17.3985479,78.48933939999999,True,507.0,249.8,237.7,170.7,128.0,58.8,80.5,2026-09-09,2.6,14.6,22.1,1.0968482496813856
HR0013,GHMC-Hyderabad,Critical,"Near Rajiv Gandhi Statue, Khairthabad",Saifabad,17,"Near Rajiv Gandhi Statue, Khairthabad, Saifabad, Hyderabad, Telangana, India",Critical_Water_Logging_Points_with_Alternative_Routes.pdf,13,17.4047878,78.4658367,full,"Saifabad, Ward 91 Khairatabad, Greater Hyderabad Municipal Corporation Central Zone, Hyderabad, Khairatabad mandal, Hyderabad, Telangana, 500004, India",,"Saifabad, Hyderabad, Telangana, India",ward_level,17.4038977,78.4651581,True,530.5370987103832,249.8,237.7,170.7,128.0,58.8,80.5,2026-09-09,2.6,14.6,22.1,4.147602198702925
HR0014,GHMC-Hyderabad,Critical,Lakdi-Ka-Pool,Saifabad,17,"Lakdi-Ka-Pool, Saifabad, Hyderabad, Telangana, India",Critical_Water_Logging_Points_with_Alternative_Routes.pdf,14,17.40478,78.4610966,full,"Lakdi-ka-pool, Lakdikapul Road, Lakdi-ka-pul, Ward 91 Khairatabad, Greater Hyderabad Municipal Corporation Central Zone, Hyderabad, Khairatabad mandal, Hyderabad, Telangana, 500004, India",,"Lakdi-Ka-Pool, Hyderabad, Telangana, India",point_level,17.40478,78.4610966,False,526.1262118399583,249.8,237.7,170.7,128.0,58.8,80.5,2026-09-09,2.6,14.6,22.1,4.614520049538821
HR0015,GHMC-Hyderabad,Critical,Rethibowli Jn towards Attapur.,Tolichowki,12,"Rethibowli Jn towards Attapur., Tolichowki, Hyderabad, Telangana, India",Critical_Water_Logging_Points_with_Alternative_Routes.pdf,15,17.4002904,78.4118051,full,"Tolichowki, Ward 94 Shaikpet, Greater Hyderabad Municipal Corporation Central Zone, Hyderabad, Shaikpet mandal, Hyderabad, Telangana, 500096, India",,"Tolichowki, Hyderabad, Telangana, India",ward_level,17.3995758,78.4109996,True,536.5925200000127,249.8,237.7,163.0,128.0,58.8,90.2,2026-09-09,0.9,13.099999999999998,18.5,2.9627177543750403
HR0016,GHMC-Hyderabad,Critical,"Near Galaxy Theatre, Tolichowki",Tolichowki,18,"Near Galaxy Theatre, Tolichowki, Hyderabad, Telangana, India",Critical_Water_Logging_Points_with_Alternative_Routes.pdf,16,17.4036256,78.409811,full,"Galaxy Theatre, Old Bombay Highway, Brindavan Colony, Tolichowki, Ward 94 Shaikpet, Greater Hyderabad Municipal Corporation Central Zone, Hyderabad, Shaikpet mandal, Hyderabad, Telangana, 500008, India",,"Galaxy Theatre, Tolichowki, Hyderabad, Telangana, India",point_level,17.4036256,78.409811,False,535.964510335997,249.8,237.7,163.0,128.0,58.8,90.2,2026-09-09,0.9,13.099999999999998,18.5,1.1143764887014513
HR0017,GHMC-Hyderabad,Critical,Shaikpet Nala,Tolichowki,18,"Shaikpet Nala, Tolichowki, Hyderabad, Telangana, India",Critical_Water_Logging_Points_with_Alternative_Routes.pdf,17,17.4002904,78.4118051,full,"Tolichowki, Ward 94 Shaikpet, Greater Hyderabad Municipal Corporation Central Zone, Hyderabad, Shaikpet mandal, Hyderabad, Telangana, 500096, India",,"Tolichowki, Hyderabad, Telangana, India",ward_level,17.4007494,78.4115783,True,536.5925200000127,249.8,237.7,163.0,128.0,58.8,90.2,2026-09-09,0.9,13.099999999999998,18.5,2.9627177543750403
HR0018,GHMC-Hyderabad,Critical,"Opp Medivision Eye Hospital, NMDC",Asif Nagar,12,"Opp Medivision Eye Hospital, NMDC, Asif Nagar, Hyderabad, Telangana, India",Critical_Water_Logging_Points_with_Alternative_Routes.pdf,18,17.3857483,78.4505083,full,"Asif Nagar, Tappachabutra road, HUDA Colony, Ward 72 Asif Nagar, Greater Hyderabad Municipal Corporation Central Zone, Hyderabad, Asif Nagar mandal, Hyderabad, Telangana, 500006, India",,"Asif Nagar, Hyderabad, Telangana, India",point_level,17.3859049,78.4505587,True,520.2221971344209,249.8,237.7,170.7,128.0,58.8,80.5,2026-09-09,2.6,14.6,22.1,1.6807748820001092
HR0019,GHMC-Hyderabad,Critical,"Opp Pizza Hut, 1/12 Junction, Banjarahills",Asif Nagar,18,"Opp Pizza Hut, 1/12 Junction, Banjarahills, Asif Nagar, Hyderabad, Telangana, India",Critical_Water_Logging_Points_with_Alternative_Routes.pdf,19,17.3857483,78.4505083,full,"Asif Nagar, Tappachabutra road, HUDA Colony, Ward 72 Asif Nagar, Greater Hyderabad Municipal Corporation Central Zone, Hyderabad, Asif Nagar mandal, Hyderabad, Telangana, 500006, India",,"Asif Nagar, Hyderabad, Telangana, India",point_level,17.3850139,78.4508503,True,520.2221971344209,249.8,237.7,170.7,128.0,58.8,80.5,2026-09-09,2.6,14.6,22.1,1.6807748820001092
HR0020,GHMC-Hyderabad,Critical,"Nampally “T” Junction, Opp: Nampally Rly, Station",Nampally,12,"Nampally “T” Junction, Opp: Nampally Rly, Station, Hyderabad, Telangana, India",Critical_Water_Logging_Points_with_Alternative_Routes.pdf,20,17.3923995,78.4701477,full,"Nampally, NH44;NH65;NH163, Fateh Maidan, Ward 78 Gunfoundry, Greater Hyderabad Municipal Corporation Central Zone, Hyderabad, Nampally mandal, Hyderabad, Telangana, 500001, India",,"Nampally, Hyderabad, Telangana, India",point_level,17.393052,78.4698939,True,508.7875362959795,249.8,237.7,170.7,128.0,58.8,80.5,2026-09-09,2.6,14.6,22.1,4.8382475176883215
HR0021,GHMC-Hyderabad,Critical,Opp L & O Ps Begum Bazar,Goshamahal,14,"Opp L & O Ps Begum Bazar, Goshamahal, Hyderabad, Telangana, India",Critical_Water_Logging_Points_with_Alternative_Routes.pdf,21,17.3805762,78.468846,full,"Goshamahal, Ward 51 Goshamahal, Greater Hyderabad Municipal Corporation Central Zone, Hyderabad, Nampally mandal, Hyderabad, Telangana, 500012, India",,"Goshamahal, Hyderabad, Telangana, India",ward_level,17.3798481,78.4691862,True,499.0057600000016,249.8,237.7,170.7,128.0,58.8,80.5,2026-09-09,2.6,14.6,22.1,3.2118263914675067
HR0022,GHMC-Hyderabad,Critical,"Rangmahal Junction, Putli bowli.",Sultan Bazar,14,"Rangmahal Junction, Putli bowli., Sultan Bazar, Hyderabad, Telangana, India",Critical_Water_Logging_Points_with_Alternative_Routes.pdf,22,17.3870437,78.4869648,full,"Sultan Bazar, Ward 78 Gunfoundry, Greater Hyderabad Municipal Corporation Central Zone, Hyderabad, Nampally mandal, Hyderabad, Telangana, 500095, India",,"Sultan Bazar, Hyderabad, Telangana, India",ward_level,17.387484699999998,78.4868217,True,510.40441559038806,249.8,237.7,170.7,128.0,58.8,80.5,2026-09-09,2.6,14.6,22.1,3.164286303809851
HR0023,GHMC-Hyderabad,Critical,Malakpet RUB,Malakpet,6,"Malakpet RUB, Hyderabad, Telangana, India",Critical_Water_Logging_Points_with_Alternative_Routes.pdf,23,17.3736706,78.4996484,full,"Malakpet, Ward 27 Akbarbagh, Greater Hyderabad Municipal Corporation South Zone, Hyderabad, Amberpet mandal, Hyderabad, Telangana, 500036, India",,"Malakpet, Hyderabad, Telangana, India",ward_level,17.3731459,78.5005385,True,501.5884351616156,231.1,237.4,170.7,126.3,52.5,80.5,2026-09-09,2.6,14.6,22.1,1.9472531787098266
HR0024,GHMC-Hyderabad,Critical,Malakpet Gunj.,Malakpet,6,"Malakpet Gunj., Hyderabad, Telangana, India",Critical_Water_Logging_Points_with_Alternative_Routes.pdf,24,17.3746375,78.5051827,full,"malakpet gunj road, MCH Colony, Ward 26 Old Malakpet, Greater Hyderabad Municipal Corporation South Zone, Hyderabad, Amberpet mandal, Hyderabad, Telangana, 500036, India",,"Malakpet Gunj., Hyderabad, Telangana, India",point_level,17.3746375,78.5051827,False,502.1625554000452,231.1,237.4,174.5,126.3,52.5,73.6,2026-09-09,2.2,11.1,19.2,4.221938818726773
HR0025,GHMC-Hyderabad,Critical,"Bandlaguda, Near Moghal Engineering College.",Falaknuma,11,"Bandlaguda, Near Moghal Engineering College., Falaknuma, Hyderabad, Telangana, India",Critical_Water_Logging_Points_with_Alternative_Routes.pdf,25,17.3326604,78.4751984,full,"Falaknuma, Quadri chaman road, Jangamet, Ward 45 Jangammet, Greater Hyderabad Municipal Corporation South Zone, Hyderabad, Bandlaguda mandal, Hyderabad, Telangana, 500065, India",,"Falaknuma, Hyderabad, Telangana, India",point_level,17.3319818,78.4759949,True,524.1266707455845,231.1,237.4,166.0,126.3,52.5,84.9,2026-09-09,3.7,10.7,14.4,2.437898583197498
HR0026,GHMC-Hyderabad,Critical,"In front of Fiza Hotel, Bhadurpura “X” Road",Bahadurpura,10,"In front of Fiza Hotel, Bhadurpura “X” Road, Bahadurpura, Hyderabad, Telangana, India",Critical_Water_Logging_Points_with_Alternative_Routes.pdf,26,17.3570672,78.4545419,full,"Bahadurpura, Ward 56 Kishanbagh, Greater Hyderabad Municipal Corporation South Zone, Hyderabad, Bahadurpura mandal, Hyderabad, Telangana, 500064, India",,"Bahadurpura, Hyderabad, Telangana, India",ward_level,17.3575514,78.4549802,True,500.2072400000191,231.1,237.4,166.0,126.3,52.5,84.9,2026-09-09,3.7,10.7,14.4,2.229506318070535
HR0027,GHMC-Hyderabad,Critical,"Danamma Huts, Near Miralamtank",Bahadurpura,11,"Danamma Huts, Near Miralamtank, Bahadurpura, Hyderabad, Telangana, India",Critical_Water_Logging_Points_with_Alternative_Routes.pdf,27,17.3570672,78.4545419,full,"Bahadurpura, Ward 56 Kishanbagh, Greater Hyderabad Municipal Corporation South Zone, Hyderabad, Bahadurpura mandal, Hyderabad, Telangana, 500064, India",,"Bahadurpura, Hyderabad, Telangana, India",ward_level,17.3575343,78.4538255,True,500.2072400000191,231.1,237.4,166.0,126.3,52.5,84.9,2026-09-09,3.7,10.7,14.4,2.229506318070535
HR0028,GHMC-Hyderabad,Major,"YMCA Flyover starting & ending opp: DCP office, North Zone",Gopalpuram,30,"YMCA Flyover starting & ending opp: DCP office, North Zone, Gopalpuram, Hyderabad, Telangana, India",Major_Water_Logging_Points_with_Alternative_Routes.pdf,1,17.5165945,78.4592808,retry_success,"Greater Hyderabad Municipal Corporation North Zone, Hyderabad, Quthbullapur mandal, Medchal–Malkajgiri, Telangana, India","North Zone, Hyderabad, Telangana, India",,unresolved,17.5165945,78.4592808,False,565.6706800000068,249.8,237.7,171.6,128.0,58.8,83.0,2026-09-09,2.5,16.6,19.4,3.6482700650128934
HR0029,GHMC-Hyderabad,Major,Old Gandhi hospital,Mahankali,30,"Old Gandhi hospital, Mahankali, Hyderabad, Telangana, India",Major_Water_Logging_Points_with_Alternative_Routes.pdf,2,17.437594,78.4913299,full,"Mahankali Street, Ward 148 Ramgopalpet, Greater Hyderabad Municipal Corporation North Zone, Hyderabad, Secunderabad mandal, Hyderabad, Telangana, 500003, India",,"Mahankali, Hyderabad, Telangana, India",point_level,17.4382024,78.49187529999999,True,531.4492399999854,249.8,237.7,170.7,128.0,58.8,80.5,2026-09-09,2.6,14.6,22.1,2.713253625193573
HR0030,GHMC-Hyderabad,Major,In front of Nissan Show Room SP Road,Mahankali,30,"In front of Nissan Show Room SP Road, Mahankali, Hyderabad, Telangana, India",Major_Water_Logging_Points_with_Alternative_Routes.pdf,3,17.437594,78.4913299,full,"Mahankali Street, Ward 148 Ramgopalpet, Greater Hyderabad Municipal Corporation North Zone, Hyderabad, Secunderabad mandal, Hyderabad, Telangana, 500003, India",,"Mahankali, Hyderabad, Telangana, India",point_level,17.437833400000002,78.4910167,True,531.4492399999854,249.8,237.7,170.7,128.0,58.8,80.5,2026-09-09,2.6,14.6,22.1,2.713253625193573
HR0031,GHMC-Hyderabad,Major,"Bombay Hotel, Ranigunj X Road",Mahankali,30,"Bombay Hotel, Ranigunj X Road, Mahankali, Hyderabad, Telangana, India",Major_Water_Logging_Points_with_Alternative_Routes.pdf,4,17.437594,78.4913299,full,"Mahankali Street, Ward 148 Ramgopalpet, Greater Hyderabad Municipal Corporation North Zone, Hyderabad, Secunderabad mandal, Hyderabad, Telangana, 500003, India",,"Mahankali, Hyderabad, Telangana, India",point_level,17.4383059,78.4913929,True,531.4492399999854,249.8,237.7,170.7,128.0,58.8,80.5,2026-09-09,2.6,14.6,22.1,2.713253625193573
HR0032,GHMC-Hyderabad,Major,Ranigunj Depot. Near Karbala Junction,Mahankali,30,"Ranigunj Depot. Near Karbala Junction, Mahankali, Hyderabad, Telangana, India",Major_Water_Logging_Points_with_Alternative_Routes.pdf,5,17.437594,78.4913299,full,"Mahankali Street, Ward 148 Ramgopalpet, Greater Hyderabad Municipal Corporation North Zone, Hyderabad, Secunderabad mandal, Hyderabad, Telangana, 500003, India",,"Mahankali, Hyderabad, Telangana, India",point_level,17.436720100000002,78.49208949999999,True,531.4492399999854,249.8,237.7,170.7,128.0,58.8,80.5,2026-09-09,2.6,14.6,22.1,2.713253625193573
HR0033,GHMC-Hyderabad,Major,P&T Flyover ending in front of Nandini Hotel,Mahankali,30,"P&T Flyover ending in front of Nandini Hotel, Mahankali, Hyderabad, Telangana, India",Major_Water_Logging_Points_with_Alternative_Routes.pdf,6,17.437594,78.4913299,full,"Mahankali Street, Ward 148 Ramgopalpet, Greater Hyderabad Municipal Corporation North Zone, Hyderabad, Secunderabad mandal, Hyderabad, Telangana, 500003, India",,"Mahankali, Hyderabad, Telangana, India",point_level,17.4367075,78.4919563,True,531.4492399999854,249.8,237.7,170.7,128.0,58.8,80.5,2026-09-09,2.6,14.6,22.1,2.713253625193573
HR0034,GHMC-Hyderabad,Major,C.T.O Junction,Mahankali,30,"C.T.O Junction, Mahankali, Hyderabad, Telangana, India",Major_Water_Logging_Points_with_Alternative_Routes.pdf,7,17.437594,78.4913299,full,"Mahankali Street, Ward 148 Ramgopalpet, Greater Hyderabad Municipal Corporation North Zone, Hyderabad, Secunderabad mandal, Hyderabad, Telangana, 500003, India",,"Mahankali, Hyderabad, Telangana, India",point_level,17.436787600000002,78.4916035,True,531.4492399999854,249.8,237.7,170.7,128.0,58.8,80.5,2026-09-09,2.6,14.6,22.1,2.713253625193573
HR0035,GHMC-Hyderabad,Major,"MG Road, Gandhi Statue",Mahankali,30,"MG Road, Gandhi Statue, Mahankali, Hyderabad, Telangana, India",Major_Water_Logging_Points_with_Alternative_Routes.pdf,8,17.437594,78.4913299,full,"Mahankali Street, Ward 148 Ramgopalpet, Greater Hyderabad Municipal Corporation North Zone, Hyderabad, Secunderabad mandal, Hyderabad, Telangana, 500003, India",,"Mahankali, Hyderabad, Telangana, India",point_level,17.4378892,78.491851,True,531.4492399999854,249.8,237.7,170.7,128.0,58.8,80.5,2026-09-09,2.6,14.6,22.1,2.713253625193573
HR0036,GHMC-Hyderabad,Major,Rocha Bazar towards Ranigunj,Mahankali,30,"Rocha Bazar towards Ranigunj, Mahankali, Hyderabad, Telangana, India",Major_Water_Logging_Points_with_Alternative_Routes.pdf,9,17.437594,78.4913299,full,"Mahankali Street, Ward 148 Ramgopalpet, Greater Hyderabad Municipal Corporation North Zone, Hyderabad, Secunderabad mandal, Hyderabad, Telangana, 500003, India",,"Mahankali, Hyderabad, Telangana, India",point_level,17.437493200000002,78.4919419,True,531.4492399999854,249.8,237.7,170.7,128.0,58.8,80.5,2026-09-09,2.6,14.6,22.1,2.713253625193573
HR0037,GHMC-Hyderabad,Major,Panjagutta Starting Flyover,Mahankali,17,"Panjagutta Starting Flyover, Mahankali, Hyderabad, Telangana, India",Major_Water_Logging_Points_with_Alternative_Routes.pdf,10,17.437594,78.4913299,full,"Mahankali Street, Ward 148 Ramgopalpet, Greater Hyderabad Municipal Corporation North Zone, Hyderabad, Secunderabad mandal, Hyderabad, Telangana, 500003, India",,"Mahankali, Hyderabad, Telangana, India",point_level,17.4384661,78.4922038,True,531.4492399999854,249.8,237.7,170.7,128.0,58.8,80.5,2026-09-09,2.6,14.6,22.1,2.713253625193573
HR0038,GHMC-Hyderabad,Major,"Venkat Plaza, Opp Joy Alukas Showroom Panjaguta",Mahankali,17,"Venkat Plaza, Opp Joy Alukas Showroom Panjaguta, Mahankali, Hyderabad, Telangana, India",Major_Water_Logging_Points_with_Alternative_Routes.pdf,11,17.437594,78.4913299,full,"Mahankali Street, Ward 148 Ramgopalpet, Greater Hyderabad Municipal Corporation North Zone, Hyderabad, Secunderabad mandal, Hyderabad, Telangana, 500003, India",,"Mahankali, Hyderabad, Telangana, India",point_level,17.4368452,78.4913425,True,531.4492399999854,249.8,237.7,170.7,128.0,58.8,80.5,2026-09-09,2.6,14.6,22.1,2.713253625193573
HR0039,GHMC-Hyderabad,Major,Delhi wala Sweet House towards Shalimar Junction,Mahankali,17,"Delhi wala Sweet House towards Shalimar Junction, Mahankali, Hyderabad, Telangana, India",Major_Water_Logging_Points_with_Alternative_Routes.pdf,12,17.437594,78.4913299,full,"Mahankali Street, Ward 148 Ramgopalpet, Greater Hyderabad Municipal Corporation North Zone, Hyderabad, Secunderabad mandal, Hyderabad, Telangana, 500003, India",,"Mahankali, Hyderabad, Telangana, India",point_level,17.4378325,78.4922011,True,531.4492399999854,249.8,237.7,170.7,128.0,58.8,80.5,2026-09-09,2.6,14.6,22.1,2.713253625193573
HR0040,GHMC-Hyderabad,Major,Ameerpet near Charmas,Mahankali,17,"Ameerpet near Charmas, Mahankali, Hyderabad, Telangana, India",Major_Water_Logging_Points_with_Alternative_Routes.pdf,13,17.437594,78.4913299,full,"Mahankali Street, Ward 148 Ramgopalpet, Greater Hyderabad Municipal Corporation North Zone, Hyderabad, Secunderabad mandal, Hyderabad, Telangana, 500003, India",,"Mahankali, Hyderabad, Telangana, India",point_level,17.4366949,78.4906621,True,531.4492399999854,249.8,237.7,170.7,128.0,58.8,80.5,2026-09-09,2.6,14.6,22.1,2.713253625193573
HR0041,GHMC-Hyderabad,Major,Nims Hospital,Mahankali,17,"Nims Hospital, Mahankali, Hyderabad, Telangana, India",Major_Water_Logging_Points_with_Alternative_Routes.pdf,14,17.422629,78.453588,full,"Nizams Institute of Medical Sciences Hospital (NIMS), Somajiguda Road - Panjagutta Main Road, Irrum Manzil, Panjagutta, Ward 91 Khairatabad, Greater Hyderabad Municipal Corporation Central Zone, Hyderabad, Khairatabad mandal, Hyderabad, Telangana, 500082, India",,"Nims Hospital, Hyderabad, Telangana, India",point_level,17.422629,78.453588,False,533.6574380800174,249.8,237.7,170.7,128.0,58.8,80.5,2026-09-09,2.6,14.6,22.1,2.4410894193100763
HR0042,GHMC-Hyderabad,Major,"Ansar Manzil, opp: More super market",Mahankali,17,"Ansar Manzil, opp: More super market, Mahankali, Hyderabad, Telangana, India",Major_Water_Logging_Points_with_Alternative_Routes.pdf,15,17.437594,78.4913299,full,"Mahankali Street, Ward 148 Ramgopalpet, Greater Hyderabad Municipal Corporation North Zone, Hyderabad, Secunderabad mandal, Hyderabad, Telangana, 500003, India",,"Mahankali, Hyderabad, Telangana, India",point_level,17.4384877,78.49163229999999,True,531.4492399999854,249.8,237.7,170.7,128.0,58.8,80.5,2026-09-09,2.6,14.6,22.1,2.713253625193573
HR0043,GHMC-Hyderabad,Major,"Panjagutta x road, near Masjid",Mahankali,17,"Panjagutta x road, near Masjid, Mahankali, Hyderabad, Telangana, India",Major_Water_Logging_Points_with_Alternative_Routes.pdf,16,17.437594,78.4913299,full,"Mahankali Street, Ward 148 Ramgopalpet, Greater Hyderabad Municipal Corporation North Zone, Hyderabad, Secunderabad mandal, Hyderabad, Telangana, 500003, India",,"Mahankali, Hyderabad, Telangana, India",point_level,17.4368614,78.4919797,True,531.4492399999854,249.8,237.7,170.7,128.0,58.8,80.5,2026-09-09,2.6,14.6,22.1,2.713253625193573
HR0044,GHMC-Hyderabad,Major,Near CM Camp office,Mahankali,17,"Near CM Camp office, Mahankali, Hyderabad, Telangana, India",Major_Water_Logging_Points_with_Alternative_Routes.pdf,17,17.437594,78.4913299,full,"Mahankali Street, Ward 148 Ramgopalpet, Greater Hyderabad Municipal Corporation North Zone, Hyderabad, Secunderabad mandal, Hyderabad, Telangana, 500003, India",,"Mahankali, Hyderabad, Telangana, India",point_level,17.4373258,78.4907413,True,531.4492399999854,249.8,237.7,170.7,128.0,58.8,80.5,2026-09-09,2.6,14.6,22.1,2.713253625193573
HR0045,GHMC-Hyderabad,Major,"Near Lal Banglow, DK Road",Mahankali,17,"Near Lal Banglow, DK Road, Mahankali, Hyderabad, Telangana, India",Major_Water_Logging_Points_with_Alternative_Routes.pdf,18,17.437594,78.4913299,full,"Mahankali Street, Ward 148 Ramgopalpet, Greater Hyderabad Municipal Corporation North Zone, Hyderabad, Secunderabad mandal, Hyderabad, Telangana, 500003, India",,"Mahankali, Hyderabad, Telangana, India",point_level,17.4375085,78.49122729999999,True,531.4492399999854,249.8,237.7,170.7,128.0,58.8,80.5,2026-09-09,2.6,14.6,22.1,2.713253625193573
HR0046,GHMC-Hyderabad,Major,"More Jewellers, Panjagutta",Mahankali,17,"More Jewellers, Panjagutta, Mahankali, Hyderabad, Telangana, India",Major_Water_Logging_Points_with_Alternative_Routes.pdf,19,17.437594,78.4913299,full,"Mahankali Street, Ward 148 Ramgopalpet, Greater Hyderabad Municipal Corporation North Zone, Hyderabad, Secunderabad mandal, Hyderabad, Telangana, 500003, India",,"Mahankali, Hyderabad, Telangana, India",point_level,17.437628200000002,78.49203729999999,True,531.4492399999854,249.8,237.7,170.7,128.0,58.8,80.5,2026-09-09,2.6,14.6,22.1,2.713253625193573
HR0047,GHMC-Hyderabad,Major,"Sheesh Mahal Theater, Ameerpet",Mahankali,17,"Sheesh Mahal Theater, Ameerpet, Mahankali, Hyderabad, Telangana, India",Major_Water_Logging_Points_with_Alternative_Routes.pdf,20,17.437594,78.4913299,full,"Mahankali Street, Ward 148 Ramgopalpet, Greater Hyderabad Municipal Corporation North Zone, Hyderabad, Secunderabad mandal, Hyderabad, Telangana, 500003, India",,"Mahankali, Hyderabad, Telangana, India",point_level,17.4381403,78.4919563,True,531.4492399999854,249.8,237.7,170.7,128.0,58.8,80.5,2026-09-09,2.6,14.6,22.1,2.713253625193573
HR0048,GHMC-Hyderabad,Major,"D.G.P Residence ,Kundhan bagh",Mahankali,17,"D.G.P Residence ,Kundhan bagh, Mahankali, Hyderabad, Telangana, India",Major_Water_Logging_Points_with_Alternative_Routes.pdf,21,17.437594,78.4913299,full,"Mahankali Street, Ward 148 Ramgopalpet, Greater Hyderabad Municipal Corporation North Zone, Hyderabad, Secunderabad mandal, Hyderabad, Telangana, 500003, India",,"Mahankali, Hyderabad, Telangana, India",point_level,17.4375769,78.4908817,True,531.4492399999854,249.8,237.7,170.7,128.0,58.8,80.5,2026-09-09,2.6,14.6,22.1,2.713253625193573
HR0049,GHMC-Hyderabad,Major,"A ) Maithrivanam junction B) In front of Plot No D-76,Ramanna Enclave Apartment , Madura Nagar.",Mahankali,17,"A ) Maithrivanam junction B) In front of Plot No D-76,Ramanna Enclave Apartment , Madura Nagar., Mahankali, Hyderabad, Telangana, India",Major_Water_Logging_Points_with_Alternative_Routes.pdf,22,17.437594,78.4913299,full,"Mahankali Street, Ward 148 Ramgopalpet, Greater Hyderabad Municipal Corporation North Zone, Hyderabad, Secunderabad mandal, Hyderabad, Telangana, 500003, India",,"Mahankali, Hyderabad, Telangana, India",point_level,17.4368011,78.492211,True,531.4492399999854,249.8,237.7,170.7,128.0,58.8,80.5,2026-09-09,2.6,14.6,22.1,2.713253625193573
HR0050,GHMC-Hyderabad,Major,Near Harsha mess,Mahankali,17,"Near Harsha mess, Mahankali, Hyderabad, Telangana, India",Major_Water_Logging_Points_with_Alternative_Routes.pdf,23,17.4384028,78.4428706,full,"Hotel Harsha Mess, Sanjeeva Reddy Nagar Main Road, Srinivas Nagar, Ameerpet, Ward 97 Somajiguda, Greater Hyderabad Municipal Corporation Central Zone, Hyderabad, Ameerpet mandal, Hyderabad, Telangana, 500038, India",,"Harsha mess, Hyderabad, Telangana, India",point_level,17.4384028,78.4428706,False,537.6650067327735,249.8,237.7,161.2,128.0,58.8,77.6,2026-09-09,2.5,18.8,23.3,4.993354028081943
HR0051,GHMC-Hyderabad,Major,Satyam theatre Diversion,Mahankali,17,"Satyam theatre Diversion, Mahankali, Hyderabad, Telangana, India",Major_Water_Logging_Points_with_Alternative_Routes.pdf,24,17.437594,78.4913299,full,"Mahankali Street, Ward 148 Ramgopalpet, Greater Hyderabad Municipal Corporation North Zone, Hyderabad, Secunderabad mandal, Hyderabad, Telangana, 500003, India",,"Mahankali, Hyderabad, Telangana, India",point_level,17.4377056,78.49069,True,531.4492399999854,249.8,237.7,170.7,128.0,58.8,80.5,2026-09-09,2.6,14.6,22.1,2.713253625193573
HR0052,GHMC-Hyderabad,Major,Near Chest hospital,Mahankali,19,"Near Chest hospital, Mahankali, Hyderabad, Telangana, India",Major_Water_Logging_Points_with_Alternative_Routes.pdf,25,17.4453059,78.4346494,full,"Government General and Chest Hospital, Vengal Rao Nagar Road, Madhura Nagar, Vengal Rao Nagar, Ward 99 Vengal Rao Nagar, Greater Hyderabad Municipal Corporation Central Zone, Hyderabad, Khairatabad mandal, Hyderabad, Telangana, 500038, India",,"Chest hospital, Hyderabad, Telangana, India",point_level,17.4453059,78.4346494,False,558.0530821568035,249.8,237.7,161.2,128.0,58.8,77.6,2026-09-09,2.5,18.8,23.3,2.42246890626133
HR0053,GHMC-Hyderabad,Major,Opp. Mental hospital,S.R.Nagar,17,"Opp. Mental hospital, S.R.Nagar, Hyderabad, Telangana, India",Major_Water_Logging_Points_with_Alternative_Routes.pdf,26,17.4506724,78.4361121,full,"Institute of Mental Health, Mumbai Highway, Erragadda, Ward 101 Erragadda, Greater Hyderabad Municipal Corporation Central Zone, Hyderabad, Ameerpet mandal, Hyderabad, Telangana, 500018, India",,"Mental hospital, Hyderabad, Telangana, India",point_level,17.4506724,78.4361121,False,550.7395774784208,249.8,237.7,161.2,128.0,58.8,77.6,2026-09-09,2.5,18.8,23.3,4.120823943162386
HR0054,GHMC-Hyderabad,Major,Between SR.Nagar Community hall to L&O PS.SR.Nagar,S.R.Nagar,17,"Between SR.Nagar Community hall to L&O PS.SR.Nagar, S.R.Nagar, Hyderabad, Telangana, India",Major_Water_Logging_Points_with_Alternative_Routes.pdf,27,17.4417071,78.4416081,full,"S. R. Nagar, Sanjeeva Reddy Nagar Main Road, Srinivas Nagar, Ameerpet, Ward 98 Ameerpet, Greater Hyderabad Municipal Corporation Central Zone, Hyderabad, Khairatabad mandal, Hyderabad, Telangana, 500038, India",,"S.R.Nagar, Hyderabad, Telangana, India",point_level,17.4421391,78.4413939,True,546.4216800000268,249.8,237.7,161.2,128.0,58.8,77.6,2026-09-09,2.5,18.8,23.3,3.6170727713330466
HR0055,GHMC-Hyderabad,Major,"Prime Hospital, near Mythrivanam",S.R.Nagar,17,"Prime Hospital, near Mythrivanam, S.R.Nagar, Hyderabad, Telangana, India",Major_Water_Logging_Points_with_Alternative_Routes.pdf,28,17.4417071,78.4416081,full,"S. R. Nagar, Sanjeeva Reddy Nagar Main Road, Srinivas Nagar, Ameerpet, Ward 98 Ameerpet, Greater Hyderabad Municipal Corporation Central Zone, Hyderabad, Khairatabad mandal, Hyderabad, Telangana, 500038, India",,"S.R.Nagar, Hyderabad, Telangana, India",point_level,17.4414308,78.442374,True,546.4216800000268,249.8,237.7,161.2,128.0,58.8,77.6,2026-09-09,2.5,18.8,23.3,3.6170727713330466
HR0056,GHMC-Hyderabad,Major,Vengal Rao Nagar,S.R.Nagar,19,"Vengal Rao Nagar, S.R.Nagar, Hyderabad, Telangana, India",Major_Water_Logging_Points_with_Alternative_Routes.pdf,29,17.4417071,78.4416081,full,"S. R. Nagar, Sanjeeva Reddy Nagar Main Road, Srinivas Nagar, Ameerpet, Ward 98 Ameerpet, Greater Hyderabad Municipal Corporation Central Zone, Hyderabad, Khairatabad mandal, Hyderabad, Telangana, 500038, India",,"S.R.Nagar, Hyderabad, Telangana, India",point_level,17.4411338,78.44088719999999,True,546.4216800000268,249.8,237.7,161.2,128.0,58.8,77.6,2026-09-09,2.5,18.8,23.3,3.6170727713330466
HR0057,GHMC-Hyderabad,Major,Balkampet petrol pump,S.R.Nagar,17,"Balkampet petrol pump, S.R.Nagar, Hyderabad, Telangana, India",Major_Water_Logging_Points_with_Alternative_Routes.pdf,30,17.4417071,78.4416081,full,"S. R. Nagar, Sanjeeva Reddy Nagar Main Road, Srinivas Nagar, Ameerpet, Ward 98 Ameerpet, Greater Hyderabad Municipal Corporation Central Zone, Hyderabad, Khairatabad mandal, Hyderabad, Telangana, 500038, India",,"S.R.Nagar, Hyderabad, Telangana, India",point_level,17.441447,78.4424703,True,546.4216800000268,249.8,237.7,161.2,128.0,58.8,77.6,2026-09-09,2.5,18.8,23.3,3.6170727713330466
HR0058,GHMC-Hyderabad,Major,Showrya Bhavan Junction,S.R.Nagar,18,"Showrya Bhavan Junction, S.R.Nagar, Hyderabad, Telangana, India",Major_Water_Logging_Points_with_Alternative_Routes.pdf,31,17.4417071,78.4416081,full,"S. R. Nagar, Sanjeeva Reddy Nagar Main Road, Srinivas Nagar, Ameerpet, Ward 98 Ameerpet, Greater Hyderabad Municipal Corporation Central Zone, Hyderabad, Khairatabad mandal, Hyderabad, Telangana, 500038, India",,"S.R.Nagar, Hyderabad, Telangana, India",point_level,17.4421607,78.4418187,True,546.4216800000268,249.8,237.7,161.2,128.0,58.8,77.6,2026-09-09,2.5,18.8,23.3,3.6170727713330466
HR0059,GHMC-Hyderabad,Major,Road No -10c,S.R.Nagar,18,"Road No -10c, S.R.Nagar, Hyderabad, Telangana, India",Major_Water_Logging_Points_with_Alternative_Routes.pdf,32,17.4366247,78.4157959,full,"road no 10c, Gayatri Hills, Jubilee Hills, Ward 95 Jubilee Hills, Greater Hyderabad Municipal Corporation Central Zone, Hyderabad, Shaikpet mandal, Hyderabad, Telangana, 500033, India",,"Road No -10c, Hyderabad, Telangana, India",point_level,17.4366247,78.4157959,False,571.1021199999286,249.8,237.7,161.2,128.0,58.8,77.6,2026-09-09,2.5,18.8,23.3,5.26381213053539
HR0060,GHMC-Hyderabad,Major,"Road No 1, Jubille Hills (Opp:Balakrishna Residence )",S.R.Nagar,18,"Road No 1, Jubille Hills (Opp:Balakrishna Residence ), S.R.Nagar, Hyderabad, Telangana, India",Major_Water_Logging_Points_with_Alternative_Routes.pdf,33,17.4417071,78.4416081,full,"S. R. Nagar, Sanjeeva Reddy Nagar Main Road, Srinivas Nagar, Ameerpet, Ward 98 Ameerpet, Greater Hyderabad Municipal Corporation Central Zone, Hyderabad, Khairatabad mandal, Hyderabad, Telangana, 500038, India",,"S.R.Nagar, Hyderabad, Telangana, India",point_level,17.4414065,78.441807,True,546.4216800000268,249.8,237.7,161.2,128.0,58.8,77.6,2026-09-09,2.5,18.8,23.3,3.6170727713330466
HR0061,GHMC-Hyderabad,Major,Sri Chaithnya jr collage Near BVBP Junction (near CVR News building),S.R.Nagar,18,"Sri Chaithnya jr collage Near BVBP Junction (near CVR News building), S.R.Nagar, Hyderabad, Telangana, India",Major_Water_Logging_Points_with_Alternative_Routes.pdf,34,17.4417071,78.4416081,full,"S. R. Nagar, Sanjeeva Reddy Nagar Main Road, Srinivas Nagar, Ameerpet, Ward 98 Ameerpet, Greater Hyderabad Municipal Corporation Central Zone, Hyderabad, Khairatabad mandal, Hyderabad, Telangana, 500038, India",,"S.R.Nagar, Hyderabad, Telangana, India",point_level,17.4425477,78.4407567,True,546.4216800000268,249.8,237.7,161.2,128.0,58.8,77.6,2026-09-09,2.5,18.8,23.3,3.6170727713330466
HR0062,GHMC-Hyderabad,Major,Road 10 opp: apple bee school,S.R.Nagar,18,"Road 10 opp: apple bee school, S.R.Nagar, Hyderabad, Telangana, India",Major_Water_Logging_Points_with_Alternative_Routes.pdf,35,17.4417071,78.4416081,full,"S. R. Nagar, Sanjeeva Reddy Nagar Main Road, Srinivas Nagar, Ameerpet, Ward 98 Ameerpet, Greater Hyderabad Municipal Corporation Central Zone, Hyderabad, Khairatabad mandal, Hyderabad, Telangana, 500038, India",,"S.R.Nagar, Hyderabad, Telangana, India",point_level,17.4416405,78.4420617,True,546.4216800000268,249.8,237.7,161.2,128.0,58.8,77.6,2026-09-09,2.5,18.8,23.3,3.6170727713330466
HR0063,GHMC-Hyderabad,Major,Poorna junction,S.R.Nagar,19,"Poorna junction, S.R.Nagar, Hyderabad, Telangana, India",Major_Water_Logging_Points_with_Alternative_Routes.pdf,36,17.4417071,78.4416081,full,"S. R. Nagar, Sanjeeva Reddy Nagar Main Road, Srinivas Nagar, Ameerpet, Ward 98 Ameerpet, Greater Hyderabad Municipal Corporation Central Zone, Hyderabad, Khairatabad mandal, Hyderabad, Telangana, 500038, India",,"S.R.Nagar, Hyderabad, Telangana, India",point_level,17.440845799999998,78.4417386,True,546.4216800000268,249.8,237.7,161.2,128.0,58.8,77.6,2026-09-09,2.5,18.8,23.3,3.6170727713330466
HR0064,GHMC-Hyderabad,Major,Green Bawarchi hotel towards Srinagar colony Infront of VINFLORA Hotel.,Banjarahills,19,"Green Bawarchi hotel towards Srinagar colony Infront of VINFLORA Hotel., Banjarahills, Hyderabad, Telangana, India",Major_Water_Logging_Points_with_Alternative_Routes.pdf,37,17.4177464,78.4399014,retry_success,"Banjara Hills, Ward 92 Venkateshwara Colony, Greater Hyderabad Municipal Corporation Central Zone, Hyderabad, Shaikpet mandal, Hyderabad, Telangana, 500034, India","Banjara Hills, Hyderabad, Telangana, India",,unresolved,17.416868899999997,78.4403055,True,580.9438237183992,249.8,237.7,170.7,128.0,58.8,80.5,2026-09-09,2.6,14.6,22.1,3.3070119549551524
HR0065,GHMC-Hyderabad,Major,"KBR park, near Cream stone, Banjara Hills (over flowing of rain water on to the road towards Jubilee Hills check post from the ponds of the park causing obstructing to the traffic movement)",Banjarahills,18,"KBR park, near Cream stone, Banjara Hills (over flowing of rain water on to the road towards Jubilee Hills check post from the ponds of the park causing obstructing to the traffic movement), Banjarahills, Hyderabad, Telangana, India",Major_Water_Logging_Points_with_Alternative_Routes.pdf,38,17.4177464,78.4399014,retry_success,"Banjara Hills, Ward 92 Venkateshwara Colony, Greater Hyderabad Municipal Corporation Central Zone, Hyderabad, Shaikpet mandal, Hyderabad, Telangana, 500034, India","Banjara Hills, Hyderabad, Telangana, India",,unresolved,17.418158599999998,78.4401453,True,580.9438237183992,249.8,237.7,170.7,128.0,58.8,80.5,2026-09-09,2.6,14.6,22.1,3.3070119549551524
HR0066,GHMC-Hyderabad,Major,Road no 12 Banjara Hills Opp side to Traffic P.S Banjara Hills.,Banjarahills,18,"Road no 12 Banjara Hills Opp side to Traffic P.S Banjara Hills., Banjarahills, Hyderabad, Telangana, India",Major_Water_Logging_Points_with_Alternative_Routes.pdf,39,17.4177464,78.4399014,retry_success,"Banjara Hills, Ward 92 Venkateshwara Colony, Greater Hyderabad Municipal Corporation Central Zone, Hyderabad, Shaikpet mandal, Hyderabad, Telangana, 500034, India","Banjara Hills, Hyderabad, Telangana, India",,unresolved,17.4184457,78.4403028,True,580.9438237183992,249.8,237.7,170.7,128.0,58.8,80.5,2026-09-09,2.6,14.6,22.1,3.3070119549551524
HR0067,GHMC-Hyderabad,Major,Before VLCC Bus stop towards Orrissa Island from Bharatiya Vidya Bhavan towards K.B.R.Park Side,Banjarahills,18,"Before VLCC Bus stop towards Orrissa Island from Bharatiya Vidya Bhavan towards K.B.R.Park Side, Banjarahills, Hyderabad, Telangana, India",Major_Water_Logging_Points_with_Alternative_Routes.pdf,40,17.4177464,78.4399014,retry_success,"Banjara Hills, Ward 92 Venkateshwara Colony, Greater Hyderabad Municipal Corporation Central Zone, Hyderabad, Shaikpet mandal, Hyderabad, Telangana, 500034, India","Banjara Hills, Hyderabad, Telangana, India",,unresolved,17.418308,78.4397142,True,580.9438237183992,249.8,237.7,170.7,128.0,58.8,80.5,2026-09-09,2.6,14.6,22.1,3.3070119549551524
HR0068,GHMC-Hyderabad,Major,TRS Bhavan,Banjarahills,18,"TRS Bhavan, Banjarahills, Hyderabad, Telangana, India",Major_Water_Logging_Points_with_Alternative_Routes.pdf,41,17.4177464,78.4399014,retry_success,"Banjara Hills, Ward 92 Venkateshwara Colony, Greater Hyderabad Municipal Corporation Central Zone, Hyderabad, Shaikpet mandal, Hyderabad, Telangana, 500034, India","Banjara Hills, Hyderabad, Telangana, India",,unresolved,17.4173396,78.4401354,True,580.9438237183992,249.8,237.7,170.7,128.0,58.8,80.5,2026-09-09,2.6,14.6,22.1,3.3070119549551524
HR0069,GHMC-Hyderabad,Major,Infront of Cinemax Theater Parking place (Open Land),Banjarahills,18,"Infront of Cinemax Theater Parking place (Open Land), Banjarahills, Hyderabad, Telangana, India",Major_Water_Logging_Points_with_Alternative_Routes.pdf,42,17.4177464,78.4399014,retry_success,"Banjara Hills, Ward 92 Venkateshwara Colony, Greater Hyderabad Municipal Corporation Central Zone, Hyderabad, Shaikpet mandal, Hyderabad, Telangana, 500034, India","Banjara Hills, Hyderabad, Telangana, India",,unresolved,17.417347699999997,78.4394046,True,580.9438237183992,249.8,237.7,170.7,128.0,58.8,80.5,2026-09-09,2.6,14.6,22.1,3.3070119549551524
HR0070,GHMC-Hyderabad,Major,Venkateshwara hotel to HDFC bank,Banjarahills,17,"Venkateshwara hotel to HDFC bank, Banjarahills, Hyderabad, Telangana, India",Major_Water_Logging_Points_with_Alternative_Routes.pdf,43,17.4177464,78.4399014,retry_success,"Banjara Hills, Ward 92 Venkateshwara Colony, Greater Hyderabad Municipal Corporation Central Zone, Hyderabad, Shaikpet mandal, Hyderabad, Telangana, 500034, India","Banjara Hills, Hyderabad, Telangana, India",,unresolved,17.416939099999997,78.4402965,True,580.9438237183992,249.8,237.7,170.7,128.0,58.8,80.5,2026-09-09,2.6,14.6,22.1,3.3070119549551524
HR0071,GHMC-Hyderabad,Major,"Intelligence office New bridge turning, Lakdikapool",Saifabad,12,"Intelligence office New bridge turning, Lakdikapool, Saifabad, Hyderabad, Telangana, India",Major_Water_Logging_Points_with_Alternative_Routes.pdf,44,17.4047878,78.4658367,full,"Saifabad, Ward 91 Khairatabad, Greater Hyderabad Municipal Corporation Central Zone, Hyderabad, Khairatabad mandal, Hyderabad, Telangana, 500004, India",,"Saifabad, Hyderabad, Telangana, India",ward_level,17.403983200000003,78.4650213,True,530.5370987103832,249.8,237.7,170.7,128.0,58.8,80.5,2026-09-09,2.6,14.6,22.1,4.147602198702925
HR0072,GHMC-Hyderabad,Major,Old P S Saifabad Khairtabad,Saifabad,17,"Old P S Saifabad Khairtabad, Hyderabad, Telangana, India",Major_Water_Logging_Points_with_Alternative_Routes.pdf,45,17.4047878,78.4658367,full,"Saifabad, Ward 91 Khairatabad, Greater Hyderabad Municipal Corporation Central Zone, Hyderabad, Khairatabad mandal, Hyderabad, Telangana, 500004, India",,"Saifabad, Hyderabad, Telangana, India",ward_level,17.4042208,78.4663569,True,530.5370987103832,249.8,237.7,170.7,128.0,58.8,80.5,2026-09-09,2.6,14.6,22.1,4.147602198702925
HR0073,GHMC-Hyderabad,Major,"Shadan College, Khairtabad",Saifabad,17,"Shadan College, Khairtabad, Saifabad, Hyderabad, Telangana, India",Major_Water_Logging_Points_with_Alternative_Routes.pdf,46,17.4047878,78.4658367,full,"Saifabad, Ward 91 Khairatabad, Greater Hyderabad Municipal Corporation Central Zone, Hyderabad, Khairatabad mandal, Hyderabad, Telangana, 500004, India",,"Saifabad, Hyderabad, Telangana, India",ward_level,17.4046735,78.4662255,True,530.5370987103832,249.8,237.7,170.7,128.0,58.8,80.5,2026-09-09,2.6,14.6,22.1,4.147602198702925
HR0074,GHMC-Hyderabad,Major,Telugu Talli (Medicity Hospital),Saifabad,17,"Telugu Talli (Medicity Hospital), Saifabad, Hyderabad, Telangana, India",Major_Water_Logging_Points_with_Alternative_Routes.pdf,47,17.4047878,78.4658367,full,"Saifabad, Ward 91 Khairatabad, Greater Hyderabad Municipal Corporation Central Zone, Hyderabad, Khairatabad mandal, Hyderabad, Telangana, 500004, India",,"Saifabad, Hyderabad, Telangana, India",ward_level,17.4047257,78.46561439999999,True,530.5370987103832,249.8,237.7,170.7,128.0,58.8,80.5,2026-09-09,2.6,14.6,22.1,4.147602198702925
HR0075,GHMC-Hyderabad,Major,infront of IMAX theater,Saifabad,17,"infront of IMAX theater, Saifabad, Hyderabad, Telangana, India",Major_Water_Logging_Points_with_Alternative_Routes.pdf,48,17.4136113,78.4641457,full,"Saraswathi Vidya Mandir High School, 6-1-486, A/5, Khairtabad-IMAX Rd, opp. IMAX Theater, Indira Nagar, Khairtabad, Hyderabad, Telangana 500004, Mint Road, Khairatabad, Ward 91 Khairatabad, Greater Hyderabad Municipal Corporation Central Zone, Hyderabad, Khairatabad mandal, Hyderabad, Telangana, 500004, India",,"IMAX theater, Hyderabad, Telangana, India",point_level,17.4136113,78.4641457,False,521.073439999994,249.8,237.7,170.7,128.0,58.8,80.5,2026-09-09,2.6,14.6,22.1,3.3601334858147682
HR0076,GHMC-Hyderabad,Major,King Koti X Road.,Saifabad,14,"King Koti X Road., Saifabad, Hyderabad, Telangana, India",Major_Water_Logging_Points_with_Alternative_Routes.pdf,49,17.4047878,78.4658367,full,"Saifabad, Ward 91 Khairatabad, Greater Hyderabad Municipal Corporation Central Zone, Hyderabad, Khairatabad mandal, Hyderabad, Telangana, 500004, India",,"Saifabad, Hyderabad, Telangana, India",ward_level,17.4047671,78.466608,True,530.5370987103832,249.8,237.7,170.7,128.0,58.8,80.5,2026-09-09,2.6,14.6,22.1,4.147602198702925
HR0077,GHMC-Hyderabad,Major,"Near BJP office, Nampally",Saifabad,12,"Near BJP office, Nampally, Saifabad, Hyderabad, Telangana, India",Major_Water_Logging_Points_with_Alternative_Routes.pdf,50,17.4047878,78.4658367,full,"Saifabad, Ward 91 Khairatabad, Greater Hyderabad Municipal Corporation Central Zone, Hyderabad, Khairatabad mandal, Hyderabad, Telangana, 500004, India",,"Saifabad, Hyderabad, Telangana, India",ward_level,17.404255900000003,78.4658844,True,530.5370987103832,249.8,237.7,170.7,128.0,58.8,80.5,2026-09-09,2.6,14.6,22.1,4.147602198702925
HR0078,GHMC-Hyderabad,Major,NEAR KLK BUILDING TOWARDS RED ROASE OPP; UDAY OMNI HOSPITAL;,Saifabad,14,"NEAR KLK BUILDING TOWARDS RED ROASE OPP; UDAY OMNI HOSPITAL;, Saifabad, Hyderabad, Telangana, India",Major_Water_Logging_Points_with_Alternative_Routes.pdf,51,17.4047878,78.4658367,full,"Saifabad, Ward 91 Khairatabad, Greater Hyderabad Municipal Corporation Central Zone, Hyderabad, Khairatabad mandal, Hyderabad, Telangana, 500004, India",,"Saifabad, Hyderabad, Telangana, India",ward_level,17.4045178,78.465645,True,530.5370987103832,249.8,237.7,170.7,128.0,58.8,80.5,2026-09-09,2.6,14.6,22.1,4.147602198702925
HR0079,GHMC-Hyderabad,Major,NIZAM LAW COLLEGE UP TO BASHEERBAGH TEMPLE ; WATER LOGGING PLACE,Saifabad,14,"NIZAM LAW COLLEGE UP TO BASHEERBAGH TEMPLE ; WATER LOGGING PLACE, Saifabad, Hyderabad, Telangana, India",Major_Water_Logging_Points_with_Alternative_Routes.pdf,52,17.4047878,78.4658367,full,"Saifabad, Ward 91 Khairatabad, Greater Hyderabad Municipal Corporation Central Zone, Hyderabad, Khairatabad mandal, Hyderabad, Telangana, 500004, India",,"Saifabad, Hyderabad, Telangana, India",ward_level,17.4046024,78.465807,True,530.5370987103832,249.8,237.7,170.7,128.0,58.8,80.5,2026-09-09,2.6,14.6,22.1,4.147602198702925
HR0080,GHMC-Hyderabad,Major,Near BJR Statue,Saifabad,14,"Near BJR Statue, Saifabad, Hyderabad, Telangana, India",Major_Water_Logging_Points_with_Alternative_Routes.pdf,53,17.4047878,78.4658367,full,"Saifabad, Ward 91 Khairatabad, Greater Hyderabad Municipal Corporation Central Zone, Hyderabad, Khairatabad mandal, Hyderabad, Telangana, 500004, India",,"Saifabad, Hyderabad, Telangana, India",ward_level,17.4054727,78.4663722,True,530.5370987103832,249.8,237.7,170.7,128.0,58.8,80.5,2026-09-09,2.6,14.6,22.1,4.147602198702925
HR0081,GHMC-Hyderabad,Major,"Opp Axis Bank, near Cafe Bhar",Saifabad,16,"Opp Axis Bank, near Cafe Bhar, Saifabad, Hyderabad, Telangana, India",Major_Water_Logging_Points_with_Alternative_Routes.pdf,54,17.4047878,78.4658367,full,"Saifabad, Ward 91 Khairatabad, Greater Hyderabad Municipal Corporation Central Zone, Hyderabad, Khairatabad mandal, Hyderabad, Telangana, 500004, India",,"Saifabad, Hyderabad, Telangana, India",ward_level,17.4042163,78.4665954,True,530.5370987103832,249.8,237.7,170.7,128.0,58.8,80.5,2026-09-09,2.6,14.6,22.1,4.147602198702925
HR0082,GHMC-Hyderabad,Major,"Near Lokayutha office, Basheerbagh",Saifabad,14,"Near Lokayutha office, Basheerbagh, Saifabad, Hyderabad, Telangana, India",Major_Water_Logging_Points_with_Alternative_Routes.pdf,55,17.4047878,78.4658367,full,"Saifabad, Ward 91 Khairatabad, Greater Hyderabad Municipal Corporation Central Zone, Hyderabad, Khairatabad mandal, Hyderabad, Telangana, 500004, India",,"Saifabad, Hyderabad, Telangana, India",ward_level,17.405350300000002,78.4651203,True,530.5370987103832,249.8,237.7,170.7,128.0,58.8,80.5,2026-09-09,2.6,14.6,22.1,4.147602198702925
HR0083,GHMC-Hyderabad,Major,"Near swadish hotel, Basheerbagh",Saifabad,16,"Near swadish hotel, Basheerbagh, Saifabad, Hyderabad, Telangana, India",Major_Water_Logging_Points_with_Alternative_Routes.pdf,56,17.4047878,78.4658367,full,"Saifabad, Ward 91 Khairatabad, Greater Hyderabad Municipal Corporation Central Zone, Hyderabad, Khairatabad mandal, Hyderabad, Telangana, 500004, India",,"Saifabad, Hyderabad, Telangana, India",ward_level,17.404543,78.46639739999999,True,530.5370987103832,249.8,237.7,170.7,128.0,58.8,80.5,2026-09-09,2.6,14.6,22.1,4.147602198702925
HR0084,GHMC-Hyderabad,Major,Telugu Academy,Saifabad,16,"Telugu Academy, Saifabad, Hyderabad, Telangana, India",Major_Water_Logging_Points_with_Alternative_Routes.pdf,57,17.3985426,78.4855068,full,"telugu academy, Himayath Nagar Road, Narayanguda, Ward 79 Himayath Nagar, Greater Hyderabad Municipal Corporation Central Zone, Hyderabad, Himayatnagar mandal, Hyderabad, Telangana, 500029, India",,"Telugu Academy, Hyderabad, Telangana, India",point_level,17.3985426,78.4855068,False,514.6767897471567,249.8,237.7,170.7,128.0,58.8,80.5,2026-09-09,2.6,14.6,22.1,4.156716381728959
HR0085,GHMC-Hyderabad,Major,Hyderguda petrol pump,Saifabad,16,"Hyderguda petrol pump, Saifabad, Hyderabad, Telangana, India",Major_Water_Logging_Points_with_Alternative_Routes.pdf,58,17.4047878,78.4658367,full,"Saifabad, Ward 91 Khairatabad, Greater Hyderabad Municipal Corporation Central Zone, Hyderabad, Khairatabad mandal, Hyderabad, Telangana, 500004, India",,"Saifabad, Hyderabad, Telangana, India",ward_level,17.405167600000002,78.46584299999999,True,530.5370987103832,249.8,237.7,170.7,128.0,58.8,80.5,2026-09-09,2.6,14.6,22.1,4.147602198702925
HR0086,GHMC-Hyderabad,Major,Narayanaguda x roads to Rathnabhavan Hotel,Saifabad,16,"Narayanaguda x roads to Rathnabhavan Hotel, Saifabad, Hyderabad, Telangana, India",Major_Water_Logging_Points_with_Alternative_Routes.pdf,59,17.4047878,78.4658367,full,"Saifabad, Ward 91 Khairatabad, Greater Hyderabad Municipal Corporation Central Zone, Hyderabad, Khairatabad mandal, Hyderabad, Telangana, 500004, India",,"Saifabad, Hyderabad, Telangana, India",ward_level,17.405050600000003,78.465735,True,530.5370987103832,249.8,237.7,170.7,128.0,58.8,80.5,2026-09-09,2.6,14.6,22.1,4.147602198702925
HR0087,GHMC-Hyderabad,Major,Street no 6 KFC,Saifabad,16,"Street no 6 KFC, Saifabad, Hyderabad, Telangana, India",Major_Water_Logging_Points_with_Alternative_Routes.pdf,60,17.4047878,78.4658367,full,"Saifabad, Ward 91 Khairatabad, Greater Hyderabad Municipal Corporation Central Zone, Hyderabad, Khairatabad mandal, Hyderabad, Telangana, 500004, India",,"Saifabad, Hyderabad, Telangana, India",ward_level,17.4046159,78.4652634,True,530.5370987103832,249.8,237.7,170.7,128.0,58.8,80.5,2026-09-09,2.6,14.6,22.1,4.147602198702925
HR0088,GHMC-Hyderabad,Major,Galaxy Hotels,Saifabad,16,"Galaxy Hotels, Saifabad, Hyderabad, Telangana, India",Major_Water_Logging_Points_with_Alternative_Routes.pdf,61,17.4047878,78.4658367,full,"Saifabad, Ward 91 Khairatabad, Greater Hyderabad Municipal Corporation Central Zone, Hyderabad, Khairatabad mandal, Hyderabad, Telangana, 500004, India",,"Saifabad, Hyderabad, Telangana, India",ward_level,17.4050848,78.4653453,True,530.5370987103832,249.8,237.7,170.7,128.0,58.8,80.5,2026-09-09,2.6,14.6,22.1,4.147602198702925
HR0089,GHMC-Hyderabad,Major,CP office towards Café Bahar Hotel.,Saifabad,16,"CP office towards Café Bahar Hotel., Saifabad, Hyderabad, Telangana, India",Major_Water_Logging_Points_with_Alternative_Routes.pdf,62,17.4047878,78.4658367,full,"Saifabad, Ward 91 Khairatabad, Greater Hyderabad Municipal Corporation Central Zone, Hyderabad, Khairatabad mandal, Hyderabad, Telangana, 500004, India",,"Saifabad, Hyderabad, Telangana, India",ward_level,17.4053863,78.46519769999999,True,530.5370987103832,249.8,237.7,170.7,128.0,58.8,80.5,2026-09-09,2.6,14.6,22.1,4.147602198702925
HR0090,GHMC-Hyderabad,Major,Narayanaguda fly over down (due to road damage ),Saifabad,16,"Narayanaguda fly over down (due to road damage ), Saifabad, Hyderabad, Telangana, India",Major_Water_Logging_Points_with_Alternative_Routes.pdf,63,17.4047878,78.4658367,full,"Saifabad, Ward 91 Khairatabad, Greater Hyderabad Municipal Corporation Central Zone, Hyderabad, Khairatabad mandal, Hyderabad, Telangana, 500004, India",,"Saifabad, Hyderabad, Telangana, India",ward_level,17.4041299,78.4663731,True,530.5370987103832,249.8,237.7,170.7,128.0,58.8,80.5,2026-09-09,2.6,14.6,22.1,4.147602198702925
HR0091,GHMC-Hyderabad,Major,Rajmohalla Darga,Saifabad,16,"Rajmohalla Darga, Saifabad, Hyderabad, Telangana, India",Major_Water_Logging_Points_with_Alternative_Routes.pdf,64,17.4047878,78.4658367,full,"Saifabad, Ward 91 Khairatabad, Greater Hyderabad Municipal Corporation Central Zone, Hyderabad, Khairatabad mandal, Hyderabad, Telangana, 500004, India",,"Saifabad, Hyderabad, Telangana, India",ward_level,17.4052513,78.46546049999999,True,530.5370987103832,249.8,237.7,170.7,128.0,58.8,80.5,2026-09-09,2.6,14.6,22.1,4.147602198702925
HR0092,GHMC-Hyderabad,Major,"Street No.5, Himayath Nagar",Saifabad,16,"Street No.5, Himayath Nagar, Saifabad, Hyderabad, Telangana, India",Major_Water_Logging_Points_with_Alternative_Routes.pdf,65,17.4038576,78.4834738,full,"Street No 5, Domalguda, Himayat Nagar, Ward 79 Himayath Nagar, Greater Hyderabad Municipal Corporation Central Zone, Hyderabad, Himayatnagar mandal, Hyderabad, Telangana, 500029, India",,"Street No.5, Himayath Nagar, Hyderabad, Telangana, India",point_level,17.4038576,78.4834738,False,504.15823979521656,249.8,237.7,170.7,128.0,58.8,80.5,2026-09-09,2.6,14.6,22.1,3.45621119009517
HR0093,GHMC-Hyderabad,Major,"MRO office, Lower Tank Bund",Chikkadpally,15,"MRO office, Lower Tank Bund, Chikkadpally, Hyderabad, Telangana, India",Major_Water_Logging_Points_with_Alternative_Routes.pdf,66,17.400939,78.4976319,full,"Chikkadpally, Ward 87 Ramnagar, Greater Hyderabad Municipal Corporation Central Zone, Hyderabad, Himayatnagar mandal, Hyderabad, Telangana, 500027, India",,"Chikkadpally, Hyderabad, Telangana, India",ward_level,17.4004926,78.4969344,True,497.3804000000037,249.8,237.7,170.7,128.0,58.8,80.5,2026-09-09,2.6,14.6,22.1,1.6634929636617162
HR0094,GHMC-Hyderabad,Major,Metro Line near Raja Deluxe theatre,Chikkadpally,15,"Metro Line near Raja Deluxe theatre, Chikkadpally, Hyderabad, Telangana, India",Major_Water_Logging_Points_with_Alternative_Routes.pdf,67,17.400939,78.4976319,full,"Chikkadpally, Ward 87 Ramnagar, Greater Hyderabad Municipal Corporation Central Zone, Hyderabad, Himayatnagar mandal, Hyderabad, Telangana, 500027, India",,"Chikkadpally, Hyderabad, Telangana, India",ward_level,17.400039,78.4982394,True,497.3804000000037,249.8,237.7,170.7,128.0,58.8,80.5,2026-09-09,2.6,14.6,22.1,1.6634929636617162
HR0095,GHMC-Hyderabad,Major,Engine Bowli X road,Falaknuma,10,"Engine Bowli X road, Falaknuma, Hyderabad, Telangana, India",Major_Water_Logging_Points_with_Alternative_Routes.pdf,68,17.3326604,78.4751984,full,"Falaknuma, Quadri chaman road, Jangamet, Ward 45 Jangammet, Greater Hyderabad Municipal Corporation South Zone, Hyderabad, Bandlaguda mandal, Hyderabad, Telangana, 500065, India",,"Falaknuma, Hyderabad, Telangana, India",point_level,17.333428100000003,78.4746305,True,524.1266707455845,231.1,237.4,166.0,126.3,52.5,84.9,2026-09-09,3.7,10.7,14.4,2.437898583197498
HR0096,GHMC-Hyderabad,Major,Old Chandrayangutta,Falaknuma,9,"Old Chandrayangutta, Falaknuma, Hyderabad, Telangana, India",Major_Water_Logging_Points_with_Alternative_Routes.pdf,69,17.3326604,78.4751984,full,"Falaknuma, Quadri chaman road, Jangamet, Ward 45 Jangammet, Greater Hyderabad Municipal Corporation South Zone, Hyderabad, Bandlaguda mandal, Hyderabad, Telangana, 500065, India",,"Falaknuma, Hyderabad, Telangana, India",point_level,17.3326865,78.4753064,True,524.1266707455845,231.1,237.4,166.0,126.3,52.5,84.9,2026-09-09,3.7,10.7,14.4,2.437898583197498
HR0097,GHMC-Hyderabad,Major,MBNR X road,Falaknuma,9,"MBNR X road, Falaknuma, Hyderabad, Telangana, India",Major_Water_Logging_Points_with_Alternative_Routes.pdf,70,17.3326604,78.4751984,full,"Falaknuma, Quadri chaman road, Jangamet, Ward 45 Jangammet, Greater Hyderabad Municipal Corporation South Zone, Hyderabad, Bandlaguda mandal, Hyderabad, Telangana, 500065, India",,"Falaknuma, Hyderabad, Telangana, India",point_level,17.332447100000003,78.4743182,True,524.1266707455845,231.1,237.4,166.0,126.3,52.5,84.9,2026-09-09,3.7,10.7,14.4,2.437898583197498
HR0098,GHMC-Hyderabad,Major,"Royal sea Hotel, Santsoh Nagar,",Falaknuma,6,"Royal sea Hotel, Santsoh Nagar,, Falaknuma, Hyderabad, Telangana, India",Major_Water_Logging_Points_with_Alternative_Routes.pdf,71,17.3326604,78.4751984,full,"Falaknuma, Quadri chaman road, Jangamet, Ward 45 Jangammet, Greater Hyderabad Municipal Corporation South Zone, Hyderabad, Bandlaguda mandal, Hyderabad, Telangana, 500065, India",,"Falaknuma, Hyderabad, Telangana, India",point_level,17.333046500000002,78.4754351,True,524.1266707455845,231.1,237.4,166.0,126.3,52.5,84.9,2026-09-09,3.7,10.7,14.4,2.437898583197498
HR0099,GHMC-Hyderabad,Major,Hashamabad,Falaknuma,9,"Hashamabad, Falaknuma, Hyderabad, Telangana, India",Major_Water_Logging_Points_with_Alternative_Routes.pdf,72,17.3326604,78.4751984,full,"Falaknuma, Quadri chaman road, Jangamet, Ward 45 Jangammet, Greater Hyderabad Municipal Corporation South Zone, Hyderabad, Bandlaguda mandal, Hyderabad, Telangana, 500065, India",,"Falaknuma, Hyderabad, Telangana, India",point_level,17.3320466,78.4757717,True,524.1266707455845,231.1,237.4,166.0,126.3,52.5,84.9,2026-09-09,3.7,10.7,14.4,2.437898583197498
HR0100,GHMC-Hyderabad,Major,Dabirpura Kaman towards Landing of Dabirpura Bridge,Falaknuma,6,"Dabirpura Kaman towards Landing of Dabirpura Bridge, Falaknuma, Hyderabad, Telangana, India",Major_Water_Logging_Points_with_Alternative_Routes.pdf,73,17.3326604,78.4751984,full,"Falaknuma, Quadri chaman road, Jangamet, Ward 45 Jangammet, Greater Hyderabad Municipal Corporation South Zone, Hyderabad, Bandlaguda mandal, Hyderabad, Telangana, 500065, India",,"Falaknuma, Hyderabad, Telangana, India",point_level,17.3329142,78.4748492,True,524.1266707455845,231.1,237.4,166.0,126.3,52.5,84.9,2026-09-09,3.7,10.7,14.4,2.437898583197498
HR0101,GHMC-Hyderabad,Major,Champapet (Opposite D- Mart Indian Petrol Pump),Mirchowk,4,"Champapet (Opposite D- Mart Indian Petrol Pump), Mirchowk, Hyderabad, Telangana, India",Major_Water_Logging_Points_with_Alternative_Routes.pdf,74,17.3636186,78.480489,retry_success,"میر چوک تھانہ, Darul Shifa Road, Panjeshah, Purani Haveli, Ward 32 Patthergatti, Greater Hyderabad Municipal Corporation South Zone, Hyderabad, Charminar mandal, Hyderabad, Telangana, 500002, India","Mir Chowk, Charminar, Hyderabad, Telangana, India",,unresolved,17.363399899999997,78.48108210000001,True,507.52020076795327,231.1,237.4,166.0,126.3,52.5,84.9,2026-09-09,3.7,10.7,14.4,4.272781088723041
HR0102,GHMC-Hyderabad,Major,S. J Rotary towards APAT Junction,Mirchowk,6,"S. J Rotary towards APAT Junction, Mirchowk, Hyderabad, Telangana, India",Major_Water_Logging_Points_with_Alternative_Routes.pdf,75,17.3636186,78.480489,retry_success,"میر چوک تھانہ, Darul Shifa Road, Panjeshah, Purani Haveli, Ward 32 Patthergatti, Greater Hyderabad Municipal Corporation South Zone, Hyderabad, Charminar mandal, Hyderabad, Telangana, 500002, India","Mir Chowk, Charminar, Hyderabad, Telangana, India",,unresolved,17.363967799999998,78.480165,True,507.52020076795327,231.1,237.4,166.0,126.3,52.5,84.9,2026-09-09,3.7,10.7,14.4,4.272781088723041
HR0103,GHMC-Hyderabad,Major,Puranapool Greave yard,Bahadurpura,9,"Puranapool Greave yard, Bahadurpura, Hyderabad, Telangana, India",Major_Water_Logging_Points_with_Alternative_Routes.pdf,76,17.3570672,78.4545419,full,"Bahadurpura, Ward 56 Kishanbagh, Greater Hyderabad Municipal Corporation South Zone, Hyderabad, Bahadurpura mandal, Hyderabad, Telangana, 500064, India",,"Bahadurpura, Hyderabad, Telangana, India",ward_level,17.3563832,78.4548452,True,500.2072400000191,231.1,237.4,166.0,126.3,52.5,84.9,2026-09-09,3.7,10.7,14.4,2.229506318070535
HR0104,GHMC-Hyderabad,Major,Hasan Nagar,Bahadurpura,11,"Hasan Nagar, Bahadurpura, Hyderabad, Telangana, India",Major_Water_Logging_Points_with_Alternative_Routes.pdf,77,17.3385283,78.4437114,full,"Hasan Nagar, Ward 58 Shastripuram, Greater Hyderabad Municipal Corporation South Zone, Hyderabad, Bahadurpura mandal, Hyderabad, Telangana, 500052, India",,"Hasan Nagar, Hyderabad, Telangana, India",ward_level,17.3385283,78.4437114,False,524.7465932448049,231.1,237.4,166.0,126.3,52.5,84.9,2026-09-09,3.7,10.7,14.4,1.9561221172829604
HR0105,GHMC-Hyderabad,Major,"Near ENT hospital, Bank Street",Sultan Bazar,14,"Near ENT hospital, Bank Street, Sultan Bazar, Hyderabad, Telangana, India",Major_Water_Logging_Points_with_Alternative_Routes.pdf,78,17.385132,78.482281,full,"Royal Ear, Nose and Throat (ENT) Hospital, Bank Street, Sultan Bazar, Ward 77 Jambagh, Greater Hyderabad Municipal Corporation Central Zone, Hyderabad, Nampally mandal, Hyderabad, Telangana, 500095, India",,"ENT hospital, Bank Street, Hyderabad, Telangana, India",point_level,17.385132,78.482281,False,499.0,249.8,237.7,170.7,128.0,58.8,80.5,2026-09-09,2.6,14.6,22.1,2.983300443193773
HR0106,GHMC-Hyderabad,Major,Near Central Bus Station,Sultan Bazar,14,"Near Central Bus Station, Sultan Bazar, Hyderabad, Telangana, India",Major_Water_Logging_Points_with_Alternative_Routes.pdf,79,17.3870437,78.4869648,full,"Sultan Bazar, Ward 78 Gunfoundry, Greater Hyderabad Municipal Corporation Central Zone, Hyderabad, Nampally mandal, Hyderabad, Telangana, 500095, India",,"Sultan Bazar, Hyderabad, Telangana, India",ward_level,17.3862724,78.48683609999999,True,510.40441559038806,249.8,237.7,170.7,128.0,58.8,80.5,2026-09-09,2.6,14.6,22.1,3.164286303809851
HR0107,GHMC-Hyderabad,Major,Bademiya Petrol pump,Sultan Bazar,14,"Bademiya Petrol pump, Sultan Bazar, Hyderabad, Telangana, India",Major_Water_Logging_Points_with_Alternative_Routes.pdf,80,17.3870437,78.4869648,full,"Sultan Bazar, Ward 78 Gunfoundry, Greater Hyderabad Municipal Corporation Central Zone, Hyderabad, Nampally mandal, Hyderabad, Telangana, 500095, India",,"Sultan Bazar, Hyderabad, Telangana, India",ward_level,17.3878627,78.48772799999999,True,510.40441559038806,249.8,237.7,170.7,128.0,58.8,80.5,2026-09-09,2.6,14.6,22.1,3.164286303809851
HR0108,GHMC-Hyderabad,Major,"Opp Samsung showroom to City life Furniture shop, Nalgonda’X’roads",Sultan Bazar,6,"Opp Samsung showroom to City life Furniture shop, Nalgonda’X’roads, Sultan Bazar, Hyderabad, Telangana, India",Major_Water_Logging_Points_with_Alternative_Routes.pdf,81,17.3870437,78.4869648,full,"Sultan Bazar, Ward 78 Gunfoundry, Greater Hyderabad Municipal Corporation Central Zone, Hyderabad, Nampally mandal, Hyderabad, Telangana, 500095, India",,"Sultan Bazar, Hyderabad, Telangana, India",ward_level,17.387121099999998,78.4864905,True,510.40441559038806,249.8,237.7,170.7,128.0,58.8,80.5,2026-09-09,2.6,14.6,22.1,3.164286303809851
HR0109,GHMC-Hyderabad,Major,Infront of Malakpet L&O PS.,Sultan Bazar,6,"Infront of Malakpet L&O PS., Sultan Bazar, Hyderabad, Telangana, India",Major_Water_Logging_Points_with_Alternative_Routes.pdf,82,17.3870437,78.4869648,full,"Sultan Bazar, Ward 78 Gunfoundry, Greater Hyderabad Municipal Corporation Central Zone, Hyderabad, Nampally mandal, Hyderabad, Telangana, 500095, India",,"Sultan Bazar, Hyderabad, Telangana, India",ward_level,17.3872408,78.4870512,True,510.40441559038806,249.8,237.7,170.7,128.0,58.8,80.5,2026-09-09,2.6,14.6,22.1,3.164286303809851
HR0110,GHMC-Hyderabad,Major,At starting of Moosarambagh Moosi Bridge and on the bridge.,Malakpet,6,"At starting of Moosarambagh Moosi Bridge and on the bridge., Malakpet, Hyderabad, Telangana, India",Major_Water_Logging_Points_with_Alternative_Routes.pdf,83,17.3736706,78.4996484,full,"Malakpet, Ward 27 Akbarbagh, Greater Hyderabad Municipal Corporation South Zone, Hyderabad, Amberpet mandal, Hyderabad, Telangana, 500036, India",,"Malakpet, Hyderabad, Telangana, India",ward_level,17.3741512,78.4988834,True,501.5884351616156,231.1,237.4,170.7,126.3,52.5,80.5,2026-09-09,2.6,14.6,22.1,1.9472531787098266
HR0111,GHMC-Hyderabad,Major,Classic ice cream to opp Orient medicals Malakpet” junction.,Malakpet,6,"Classic ice cream to opp Orient medicals Malakpet” junction., Hyderabad, Telangana, India",Major_Water_Logging_Points_with_Alternative_Routes.pdf,84,17.3736706,78.4996484,full,"Malakpet, Ward 27 Akbarbagh, Greater Hyderabad Municipal Corporation South Zone, Hyderabad, Amberpet mandal, Hyderabad, Telangana, 500036, India",,"Malakpet, Hyderabad, Telangana, India",ward_level,17.3738596,78.4991462,True,501.5884351616156,231.1,237.4,170.7,126.3,52.5,80.5,2026-09-09,2.6,14.6,22.1,1.9472531787098266
HR0112,GHMC-Hyderabad,Major,"Opp Shiva Ganga Theatre,Gaddiannaram",Malakpet,5,"Opp Shiva Ganga Theatre,Gaddiannaram, Malakpet, Hyderabad, Telangana, India",Major_Water_Logging_Points_with_Alternative_Routes.pdf,85,17.3736706,78.4996484,full,"Malakpet, Ward 27 Akbarbagh, Greater Hyderabad Municipal Corporation South Zone, Hyderabad, Amberpet mandal, Hyderabad, Telangana, 500036, India",,"Malakpet, Hyderabad, Telangana, India",ward_level,17.3740324,78.49971409999999,True,501.5884351616156,231.1,237.4,170.7,126.3,52.5,80.5,2026-09-09,2.6,14.6,22.1,1.9472531787098266
HR0113,GHMC-Hyderabad,Major,Malakpet T junction,Malakpet,6,"Malakpet T junction, Hyderabad, Telangana, India",Major_Water_Logging_Points_with_Alternative_Routes.pdf,86,17.3736706,78.4996484,full,"Malakpet, Ward 27 Akbarbagh, Greater Hyderabad Municipal Corporation South Zone, Hyderabad, Amberpet mandal, Hyderabad, Telangana, 500036, India",,"Malakpet, Hyderabad, Telangana, India",ward_level,17.3728399,78.4996484,True,501.5884351616156,231.1,237.4,170.7,126.3,52.5,80.5,2026-09-09,2.6,14.6,22.1,1.9472531787098266
HR0114,GHMC-Hyderabad,Major,Akshya Hoyel,Malakpet,6,"Akshya Hoyel, Malakpet, Hyderabad, Telangana, India",Major_Water_Logging_Points_with_Alternative_Routes.pdf,87,17.3736706,78.4996484,full,"Malakpet, Ward 27 Akbarbagh, Greater Hyderabad Municipal Corporation South Zone, Hyderabad, Amberpet mandal, Hyderabad, Telangana, 500036, India",,"Malakpet, Hyderabad, Telangana, India",ward_level,17.3732773,78.5001686,True,501.5884351616156,231.1,237.4,170.7,126.3,52.5,80.5,2026-09-09,2.6,14.6,22.1,1.9472531787098266
HR0115,GHMC-Hyderabad,Major,Bajaj Electronic show room Malakpet main road,Malakpet,6,"Bajaj Electronic show room Malakpet main road, Hyderabad, Telangana, India",Major_Water_Logging_Points_with_Alternative_Routes.pdf,88,17.3736706,78.4996484,full,"Malakpet, Ward 27 Akbarbagh, Greater Hyderabad Municipal Corporation South Zone, Hyderabad, Amberpet mandal, Hyderabad, Telangana, 500036, India",,"Malakpet, Hyderabad, Telangana, India",ward_level,17.3730532,78.4995017,True,501.5884351616156,231.1,237.4,170.7,126.3,52.5,80.5,2026-09-09,2.6,14.6,22.1,1.9472531787098266
HR0116,GHMC-Hyderabad,Major,RTA Moosarambagh,Malakpet,6,"RTA Moosarambagh, Malakpet, Hyderabad, Telangana, India",Major_Water_Logging_Points_with_Alternative_Routes.pdf,89,17.3736706,78.4996484,full,"Malakpet, Ward 27 Akbarbagh, Greater Hyderabad Municipal Corporation South Zone, Hyderabad, Amberpet mandal, Hyderabad, Telangana, 500036, India",,"Malakpet, Hyderabad, Telangana, India",ward_level,17.3742934,78.5004953,True,501.5884351616156,231.1,237.4,170.7,126.3,52.5,80.5,2026-09-09,2.6,14.6,22.1,1.9472531787098266
HR0117,GHMC-Hyderabad,Major,Railway Degree Collage,Nallakunta Sri. K. Rajendra Kulkarni,29,"Railway Degree Collage, Nallakunta Sri. K. Rajendra Kulkarni, Hyderabad, Telangana, India",Major_Water_Logging_Points_with_Alternative_Routes.pdf,90,17.3975005,78.50557,retry_success,"Nallakunta, Ward 81 Nallakunta, Greater Hyderabad Municipal Corporation Central Zone, Hyderabad, Amberpet mandal, Hyderabad, Telangana, 500044, India","Nallakunta, Hyderabad, Telangana, India",,unresolved,17.3969839,78.5063836,True,494.9013999999538,249.8,237.7,174.5,128.0,58.8,73.6,2026-09-09,2.2,11.1,19.2,6.2204647510574995
HR0118,GHMC-Hyderabad,Major,Hotel pizza & Bakers near Vidya nagar,Nallakunta Sri. K. Rajendra Kulkarni,15,"Hotel pizza & Bakers near Vidya nagar, Nallakunta Sri. K. Rajendra Kulkarni, Hyderabad, Telangana, India",Major_Water_Logging_Points_with_Alternative_Routes.pdf,91,17.3975005,78.50557,retry_success,"Nallakunta, Ward 81 Nallakunta, Greater Hyderabad Municipal Corporation Central Zone, Hyderabad, Amberpet mandal, Hyderabad, Telangana, 500044, India","Nallakunta, Hyderabad, Telangana, India",,unresolved,17.3968606,78.5051317,True,494.9013999999538,249.8,237.7,174.5,128.0,58.8,73.6,2026-09-09,2.2,11.1,19.2,6.2204647510574995
HR0119,GHMC-Hyderabad,Major,"Road No.6, Amberpet",Kachiguda,16,"Road No.6, Amberpet, Kachiguda, Hyderabad, Telangana, India",Major_Water_Logging_Points_with_Alternative_Routes.pdf,92,17.3923655,78.5177834,full,"Uppal Road, Bharat Nagar, Ward 84 Bagh Amberpet, Greater Hyderabad Municipal Corporation Central Zone, Hyderabad, Amberpet mandal, Hyderabad, Telangana, 353535, India",,"Road No.6, Amberpet, Hyderabad, Telangana, India",point_level,17.3923655,78.5177834,False,498.9895602080018,249.8,237.7,174.5,128.0,58.8,73.6,2026-09-09,2.2,11.1,19.2,1.7050299841086707
HR0120,GHMC-Hyderabad,Major,In front of Amberpet L&O P.S,Kachiguda,16,"In front of Amberpet L&O P.S, Kachiguda, Hyderabad, Telangana, India",Major_Water_Logging_Points_with_Alternative_Routes.pdf,93,17.3900402,78.4946205,full,"Ward 80 Kachiguda, Greater Hyderabad Municipal Corporation Central Zone, Hyderabad, Himayatnagar mandal, Hyderabad, Telangana, 500027, India",,"Kachiguda, Hyderabad, Telangana, India",area_level,17.3894282,78.4948383,True,498.76355646399406,249.8,237.7,170.7,128.0,58.8,80.5,2026-09-09,2.6,14.6,22.1,1.5696167807586496
HR0121,GHMC-Hyderabad,Major,Syndicate Bank beside J.D. Electronics,Kachiguda,16,"Syndicate Bank beside J.D. Electronics, Kachiguda, Hyderabad, Telangana, India",Major_Water_Logging_Points_with_Alternative_Routes.pdf,94,17.3900402,78.4946205,full,"Ward 80 Kachiguda, Greater Hyderabad Municipal Corporation Central Zone, Hyderabad, Himayatnagar mandal, Hyderabad, Telangana, 500027, India",,"Kachiguda, Hyderabad, Telangana, India",area_level,17.3891546,78.4950534,True,498.76355646399406,249.8,237.7,170.7,128.0,58.8,80.5,2026-09-09,2.6,14.6,22.1,1.5696167807586496
HR0122,GHMC-Hyderabad,Major,Tilaknagar junction free left near Hero show room,Kachiguda,16,"Tilaknagar junction free left near Hero show room, Kachiguda, Hyderabad, Telangana, India",Major_Water_Logging_Points_with_Alternative_Routes.pdf,95,17.3900402,78.4946205,full,"Ward 80 Kachiguda, Greater Hyderabad Municipal Corporation Central Zone, Hyderabad, Himayatnagar mandal, Hyderabad, Telangana, 500027, India",,"Kachiguda, Hyderabad, Telangana, India",area_level,17.3905496,78.4939347,True,498.76355646399406,249.8,237.7,170.7,128.0,58.8,80.5,2026-09-09,2.6,14.6,22.1,1.5696167807586496
HR0123,GHMC-Hyderabad,Major,Nimboli adda,Kachiguda,16,"Nimboli adda, Kachiguda, Hyderabad, Telangana, India",Major_Water_Logging_Points_with_Alternative_Routes.pdf,96,17.3900402,78.4946205,full,"Ward 80 Kachiguda, Greater Hyderabad Municipal Corporation Central Zone, Hyderabad, Himayatnagar mandal, Hyderabad, Telangana, 500027, India",,"Kachiguda, Hyderabad, Telangana, India",area_level,17.390855600000002,78.4950192,True,498.76355646399406,249.8,237.7,170.7,128.0,58.8,80.5,2026-09-09,2.6,14.6,22.1,1.5696167807586496
HR0124,GHMC-Hyderabad,Major,"Puranapool, Gandhi Chowk",Goshamahal,14,"Puranapool, Gandhi Chowk, Goshamahal, Hyderabad, Telangana, India",Major_Water_Logging_Points_with_Alternative_Routes.pdf,97,17.3805762,78.468846,full,"Goshamahal, Ward 51 Goshamahal, Greater Hyderabad Municipal Corporation Central Zone, Hyderabad, Nampally mandal, Hyderabad, Telangana, 500012, India",,"Goshamahal, Hyderabad, Telangana, India",ward_level,17.3806761,78.4686084,True,499.0057600000016,249.8,237.7,170.7,128.0,58.8,80.5,2026-09-09,2.6,14.6,22.1,3.2118263914675067
HR0125,GHMC-Hyderabad,Major,M.J. Market in front of Bilal Ice cream,Goshamahal,14,"M.J. Market in front of Bilal Ice cream, Goshamahal, Hyderabad, Telangana, India",Major_Water_Logging_Points_with_Alternative_Routes.pdf,98,17.3805762,78.468846,full,"Goshamahal, Ward 51 Goshamahal, Greater Hyderabad Municipal Corporation Central Zone, Hyderabad, Nampally mandal, Hyderabad, Telangana, 500012, India",,"Goshamahal, Hyderabad, Telangana, India",ward_level,17.3803071,78.4683699,True,499.0057600000016,249.8,237.7,170.7,128.0,58.8,80.5,2026-09-09,2.6,14.6,22.1,3.2118263914675067
HR0126,GHMC-Hyderabad,Major,Taxi Stand (Nampally),Nampally,12,"Taxi Stand (Nampally), Hyderabad, Telangana, India",Major_Water_Logging_Points_with_Alternative_Routes.pdf,99,17.3787467,78.478597,full,"Gowliguda Auto Stand, Maharani Jhansi Road, Gowliguda, Afzalgunj, Ward 50 Begum Bazar, Greater Hyderabad Municipal Corporation Central Zone, Hyderabad, Nampally mandal, Hyderabad, Telangana, 500012, India",,"Taxi Stand (Nampally), Hyderabad, Telangana, India",point_level,17.3787467,78.478597,False,497.4610799999744,249.8,237.7,170.7,128.0,58.8,80.5,2026-09-09,2.6,14.6,22.1,1.7175669345128664
HR0127,GHMC-Hyderabad,Major,Ek Minar Diversion,Nampally,12,"Ek Minar Diversion, Nampally, Hyderabad, Telangana, India",Major_Water_Logging_Points_with_Alternative_Routes.pdf,100,17.3923995,78.4701477,full,"Nampally, NH44;NH65;NH163, Fateh Maidan, Ward 78 Gunfoundry, Greater Hyderabad Municipal Corporation Central Zone, Hyderabad, Nampally mandal, Hyderabad, Telangana, 500001, India",,"Nampally, Hyderabad, Telangana, India",point_level,17.3932896,78.4693494,True,508.7875362959795,249.8,237.7,170.7,128.0,58.8,80.5,2026-09-09,2.6,14.6,22.1,4.8382475176883215
HR0128,GHMC-Hyderabad,Major,"PCR X Road , Nampally",Nampally,14,"PCR X Road , Nampally, Hyderabad, Telangana, India",Major_Water_Logging_Points_with_Alternative_Routes.pdf,101,17.3923995,78.4701477,full,"Nampally, NH44;NH65;NH163, Fateh Maidan, Ward 78 Gunfoundry, Greater Hyderabad Municipal Corporation Central Zone, Hyderabad, Nampally mandal, Hyderabad, Telangana, 500001, India",,"Nampally, Hyderabad, Telangana, India",point_level,17.392566,78.4708047,True,508.7875362959795,249.8,237.7,170.7,128.0,58.8,80.5,2026-09-09,2.6,14.6,22.1,4.8382475176883215
HR0129,GHMC-Hyderabad,Major,"In front of Brilliant Grammar School, near NMDC.",Nampally,12,"In front of Brilliant Grammar School, near NMDC., Nampally, Hyderabad, Telangana, India",Major_Water_Logging_Points_with_Alternative_Routes.pdf,102,17.3923995,78.4701477,full,"Nampally, NH44;NH65;NH163, Fateh Maidan, Ward 78 Gunfoundry, Greater Hyderabad Municipal Corporation Central Zone, Hyderabad, Nampally mandal, Hyderabad, Telangana, 500001, India",,"Nampally, Hyderabad, Telangana, India",point_level,17.392546199999998,78.47062199999999,True,508.7875362959795,249.8,237.7,170.7,128.0,58.8,80.5,2026-09-09,2.6,14.6,22.1,4.8382475176883215
HR0130,GHMC-Hyderabad,Major,Near pillar No.2 & 3 Humayun Nagar.,Nampally,12,"Near pillar No.2 & 3 Humayun Nagar., Nampally, Hyderabad, Telangana, India",Major_Water_Logging_Points_with_Alternative_Routes.pdf,103,17.3923995,78.4701477,full,"Nampally, NH44;NH65;NH163, Fateh Maidan, Ward 78 Gunfoundry, Greater Hyderabad Municipal Corporation Central Zone, Hyderabad, Nampally mandal, Hyderabad, Telangana, 500001, India",,"Nampally, Hyderabad, Telangana, India",point_level,17.392773899999998,78.4703988,True,508.7875362959795,249.8,237.7,170.7,128.0,58.8,80.5,2026-09-09,2.6,14.6,22.1,4.8382475176883215
HR0131,GHMC-Hyderabad,Major,"Near Pillar No.23, besides defence boundary wall.",Nampally,12,"Near Pillar No.23, besides defence boundary wall., Nampally, Hyderabad, Telangana, India",Major_Water_Logging_Points_with_Alternative_Routes.pdf,104,17.3923995,78.4701477,full,"Nampally, NH44;NH65;NH163, Fateh Maidan, Ward 78 Gunfoundry, Greater Hyderabad Municipal Corporation Central Zone, Hyderabad, Nampally mandal, Hyderabad, Telangana, 500001, India",,"Nampally, Hyderabad, Telangana, India",point_level,17.392569599999998,78.4695942,True,508.7875362959795,249.8,237.7,170.7,128.0,58.8,80.5,2026-09-09,2.6,14.6,22.1,4.8382475176883215
HR0132,GHMC-Hyderabad,Major,Mehdipanam near Chilla.,Nampally,12,"Mehdipanam near Chilla., Nampally, Hyderabad, Telangana, India",Major_Water_Logging_Points_with_Alternative_Routes.pdf,105,17.3923995,78.4701477,full,"Nampally, NH44;NH65;NH163, Fateh Maidan, Ward 78 Gunfoundry, Greater Hyderabad Municipal Corporation Central Zone, Hyderabad, Nampally mandal, Hyderabad, Telangana, 500001, India",,"Nampally, Hyderabad, Telangana, India",point_level,17.3930718,78.4699488,True,508.7875362959795,249.8,237.7,170.7,128.0,58.8,80.5,2026-09-09,2.6,14.6,22.1,4.8382475176883215
HR0133,GHMC-Hyderabad,Major,Meraj café to Chilla Road.,Nampally,12,"Meraj café to Chilla Road., Nampally, Hyderabad, Telangana, India",Major_Water_Logging_Points_with_Alternative_Routes.pdf,106,17.3923995,78.4701477,full,"Nampally, NH44;NH65;NH163, Fateh Maidan, Ward 78 Gunfoundry, Greater Hyderabad Municipal Corporation Central Zone, Hyderabad, Nampally mandal, Hyderabad, Telangana, 500001, India",,"Nampally, Hyderabad, Telangana, India",point_level,17.3931069,78.4709442,True,508.7875362959795,249.8,237.7,170.7,128.0,58.8,80.5,2026-09-09,2.6,14.6,22.1,4.8382475176883215
HR0134,GHMC-Hyderabad,Major,Labour adda Vijayanagar Colony.,Nampally,12,"Labour adda Vijayanagar Colony., Nampally, Hyderabad, Telangana, India",Major_Water_Logging_Points_with_Alternative_Routes.pdf,107,17.3923995,78.4701477,full,"Nampally, NH44;NH65;NH163, Fateh Maidan, Ward 78 Gunfoundry, Greater Hyderabad Municipal Corporation Central Zone, Hyderabad, Nampally mandal, Hyderabad, Telangana, 500001, India",,"Nampally, Hyderabad, Telangana, India",point_level,17.392547099999998,78.4709208,True,508.7875362959795,249.8,237.7,170.7,128.0,58.8,80.5,2026-09-09,2.6,14.6,22.1,4.8382475176883215
HR0135,GHMC-Hyderabad,Major,Asifnagar X Roads near Petrol Bunk.,Nampally,12,"Asifnagar X Roads near Petrol Bunk., Nampally, Hyderabad, Telangana, India",Major_Water_Logging_Points_with_Alternative_Routes.pdf,108,17.3923995,78.4701477,full,"Nampally, NH44;NH65;NH163, Fateh Maidan, Ward 78 Gunfoundry, Greater Hyderabad Municipal Corporation Central Zone, Hyderabad, Nampally mandal, Hyderabad, Telangana, 500001, India",,"Nampally, Hyderabad, Telangana, India",point_level,17.392933199999998,78.4693296,True,508.7875362959795,249.8,237.7,170.7,128.0,58.8,80.5,2026-09-09,2.6,14.6,22.1,4.8382475176883215
HR0136,GHMC-Hyderabad,Major,Mallepally Junction.,Nampally,12,"Mallepally Junction., Nampally, Hyderabad, Telangana, India",Major_Water_Logging_Points_with_Alternative_Routes.pdf,109,17.3923995,78.4701477,full,"Nampally, NH44;NH65;NH163, Fateh Maidan, Ward 78 Gunfoundry, Greater Hyderabad Municipal Corporation Central Zone, Hyderabad, Nampally mandal, Hyderabad, Telangana, 500001, India",,"Nampally, Hyderabad, Telangana, India",point_level,17.3917839,78.4694871,True,508.7875362959795,249.8,237.7,170.7,128.0,58.8,80.5,2026-09-09,2.6,14.6,22.1,4.8382475176883215
HR0137,GHMC-Hyderabad,Major,Flyover ending Point near NMDC,Nampally,12,"Flyover ending Point near NMDC, Nampally, Hyderabad, Telangana, India",Major_Water_Logging_Points_with_Alternative_Routes.pdf,110,17.3923995,78.4701477,full,"Nampally, NH44;NH65;NH163, Fateh Maidan, Ward 78 Gunfoundry, Greater Hyderabad Municipal Corporation Central Zone, Hyderabad, Nampally mandal, Hyderabad, Telangana, 500001, India",,"Nampally, Hyderabad, Telangana, India",point_level,17.391614699999998,78.4695663,True,508.7875362959795,249.8,237.7,170.7,128.0,58.8,80.5,2026-09-09,2.6,14.6,22.1,4.8382475176883215
HR0138,GHMC-Hyderabad,Major,"Yadav Bhavan Hotel X Road, Gidimalkapur",Nampally,1,"Yadav Bhavan Hotel X Road, Gidimalkapur, Nampally, Hyderabad, Telangana, India",Major_Water_Logging_Points_with_Alternative_Routes.pdf,111,17.3923995,78.4701477,full,"Nampally, NH44;NH65;NH163, Fateh Maidan, Ward 78 Gunfoundry, Greater Hyderabad Municipal Corporation Central Zone, Hyderabad, Nampally mandal, Hyderabad, Telangana, 500001, India",,"Nampally, Hyderabad, Telangana, India",point_level,17.3918793,78.470154,True,508.7875362959795,249.8,237.7,170.7,128.0,58.8,80.5,2026-09-09,2.6,14.6,22.1,4.8382475176883215
HR0139,GHMC-Hyderabad,Major,Seven Toms Rd. in between Satya Colony and Shaik pet Nala i.e. in front Aditya Apartment 15 to 20 mtrs stretch.,Tolichowki,18,"Seven Toms Rd. in between Satya Colony and Shaik pet Nala i.e. in front Aditya Apartment 15 to 20 mtrs stretch., Tolichowki, Hyderabad, Telangana, India",Major_Water_Logging_Points_with_Alternative_Routes.pdf,112,17.4002904,78.4118051,full,"Tolichowki, Ward 94 Shaikpet, Greater Hyderabad Municipal Corporation Central Zone, Hyderabad, Shaikpet mandal, Hyderabad, Telangana, 500096, India",,"Tolichowki, Hyderabad, Telangana, India",ward_level,17.3997738,78.4122056,True,536.5925200000127,249.8,237.7,163.0,128.0,58.8,90.2,2026-09-09,0.9,13.099999999999998,18.5,2.9627177543750403
HR0140,GHMC-Hyderabad,Major,Ramdevguda abutting to Millitary compound wall,Tolichowki,18,"Ramdevguda abutting to Millitary compound wall, Tolichowki, Hyderabad, Telangana, India",Major_Water_Logging_Points_with_Alternative_Routes.pdf,113,17.4002904,78.4118051,full,"Tolichowki, Ward 94 Shaikpet, Greater Hyderabad Municipal Corporation Central Zone, Hyderabad, Shaikpet mandal, Hyderabad, Telangana, 500096, India",,"Tolichowki, Hyderabad, Telangana, India",ward_level,17.4004092,78.4110419,True,536.5925200000127,249.8,237.7,163.0,128.0,58.8,90.2,2026-09-09,0.9,13.099999999999998,18.5,2.9627177543750403
HR0141,GHMC-Hyderabad,Major,"Deccan park, Golconda",Tolichowki,13,"Deccan park, Golconda, Tolichowki, Hyderabad, Telangana, India",Major_Water_Logging_Points_with_Alternative_Routes.pdf,114,17.4002904,78.4118051,full,"Tolichowki, Ward 94 Shaikpet, Greater Hyderabad Municipal Corporation Central Zone, Hyderabad, Shaikpet mandal, Hyderabad, Telangana, 500096, India",,"Tolichowki, Hyderabad, Telangana, India",ward_level,17.3994228,78.4112462,True,536.5925200000127,249.8,237.7,163.0,128.0,58.8,90.2,2026-09-09,0.9,13.099999999999998,18.5,2.9627177543750403
HR0142,GHMC-Hyderabad,Major,At Bharath petrol Pump Shaik Pet Narayanama College towards ShaikPet.,Tolichowki,18,"At Bharath petrol Pump Shaik Pet Narayanama College towards ShaikPet., Tolichowki, Hyderabad, Telangana, India",Major_Water_Logging_Points_with_Alternative_Routes.pdf,115,17.4002904,78.4118051,full,"Tolichowki, Ward 94 Shaikpet, Greater Hyderabad Municipal Corporation Central Zone, Hyderabad, Shaikpet mandal, Hyderabad, Telangana, 500096, India",,"Tolichowki, Hyderabad, Telangana, India",ward_level,17.400323699999998,78.4126763,True,536.5925200000127,249.8,237.7,163.0,128.0,58.8,90.2,2026-09-09,0.9,13.099999999999998,18.5,2.9627177543750403
HR0143,GHMC-Hyderabad,Major,Bapuji Ghat Y Junction,Tolichowki,13,"Bapuji Ghat Y Junction, Tolichowki, Hyderabad, Telangana, India",Major_Water_Logging_Points_with_Alternative_Routes.pdf,116,17.4002904,78.4118051,full,"Tolichowki, Ward 94 Shaikpet, Greater Hyderabad Municipal Corporation Central Zone, Hyderabad, Shaikpet mandal, Hyderabad, Telangana, 500096, India",,"Tolichowki, Hyderabad, Telangana, India",ward_level,17.401158,78.4110365,True,536.5925200000127,249.8,237.7,163.0,128.0,58.8,90.2,2026-09-09,0.9,13.099999999999998,18.5,2.9627177543750403
HR0144,GHMC-Hyderabad,Minor,St. Anns School main gate,Gopalpuram,18,"St. Anns School main gate, Gopalpuram, Hyderabad, Telangana, India",Minor.pdf,1,17.4298606,78.5348727,manual_lookup,"St Ann's High School, Mettuguda, Secunderabad (manual lookup)",,,unresolved,17.4298606,78.5348727,False,525.7700167647915,249.8,237.7,174.5,128.0,58.8,73.6,2026-09-09,2.2,11.1,19.2,1.5654243800941843
HR0145,GHMC-Hyderabad,Minor,Alugadda Bavi Near Mysamma temple,Gopalpuram,18,"Alugadda Bavi Near Mysamma temple, Gopalpuram, Hyderabad, Telangana, India",Minor.pdf,2,17.4351553,78.5160698,manual_lookup,"Alugaddabavi, Mettuguda, Secunderabad (manual lookup)",,,unresolved,17.434418200000003,78.51662689999999,True,529.3272136223873,249.8,237.7,165.5,128.0,58.8,73.2,2026-09-09,1.6,15.6,23.4,2.461767277918309
HR0146,GHMC-Hyderabad,Minor,Opp. Shradha Stationary,Gopalpuram,18,"Opp. Shradha Stationary, Gopalpuram, Hyderabad, Telangana, India",Minor.pdf,3,17.4353595,78.5020442,manual_lookup,"Gopalapuram PS area, Secunderabad (approx - manual lookup)",,,unresolved,17.434986000000002,78.5013332,True,537.1581331039959,249.8,237.7,165.5,128.0,58.8,73.2,2026-09-09,1.6,15.6,23.4,2.9751833559422054
HR0147,GHMC-Hyderabad,Minor,Garden Hotel near Anand Tiffins,Gopalpuram,18,"Garden Hotel near Anand Tiffins, Gopalpuram, Hyderabad, Telangana, India",Minor.pdf,4,17.4353595,78.5020442,manual_lookup,"Gopalapuram PS area, Secunderabad (approx - manual lookup)",,,unresolved,17.4352461,78.5021441,True,537.1581331039959,249.8,237.7,165.5,128.0,58.8,73.2,2026-09-09,1.6,15.6,23.4,2.9751833559422054
HR0148,GHMC-Hyderabad,Minor,Alugadda bavi Bus Stop towards mettuguda,Gopalpuram,18,"Alugadda bavi Bus Stop towards mettuguda, Gopalpuram, Hyderabad, Telangana, India",Minor.pdf,5,17.4351553,78.5160698,manual_lookup,"Alugaddabavi, Mettuguda, Secunderabad (manual lookup)",,,unresolved,17.4357349,78.5154245,True,529.3272136223873,249.8,237.7,165.5,128.0,58.8,73.2,2026-09-09,1.6,15.6,23.4,2.461767277918309
HR0149,GHMC-Hyderabad,Minor,Boiguda Bustop near Bharat Petrol Bunk,Gopalpuram,18,"Boiguda Bustop near Bharat Petrol Bunk, Gopalpuram, Hyderabad, Telangana, India",Minor.pdf,6,17.4273115,78.4993452,manual_lookup,"Bhoiguda, Secunderabad (manual lookup)",,,unresolved,17.4273115,78.4993452,False,526.7216697919517,249.8,237.7,170.7,128.0,58.8,80.5,2026-09-09,2.6,14.6,22.1,3.5967420982596074
HR0150,GHMC-Hyderabad,Minor,"Underneath of the Oliphanta Bridge, Sec-bad Railway Station.",Mahankali,18,"Underneath of the Oliphanta Bridge, Sec-bad Railway Station., Mahankali, Hyderabad, Telangana, India",Minor.pdf,7,17.437594,78.4913299,full,"Mahankali Street, Ward 148 Ramgopalpet, Greater Hyderabad Municipal Corporation North Zone, Hyderabad, Secunderabad mandal, Hyderabad, Telangana, 500003, India",,"Mahankali, Hyderabad, Telangana, India",point_level,17.437675900000002,78.4914217,True,531.4492399999854,249.8,237.7,170.7,128.0,58.8,80.5,2026-09-09,2.6,14.6,22.1,2.713253625193573
HR0151,GHMC-Hyderabad,Minor,"Mallanna Temple/Dr. Roy Point, near 31 Bus stop, St.Mary Road, Sec-bad.",Mahankali,18,"Mallanna Temple/Dr. Roy Point, near 31 Bus stop, St.Mary Road, Sec-bad., Mahankali, Hyderabad, Telangana, India",Minor.pdf,8,17.437594,78.4913299,full,"Mahankali Street, Ward 148 Ramgopalpet, Greater Hyderabad Municipal Corporation North Zone, Hyderabad, Secunderabad mandal, Hyderabad, Telangana, 500003, India",,"Mahankali, Hyderabad, Telangana, India",point_level,17.437432,78.4910779,True,531.4492399999854,249.8,237.7,170.7,128.0,58.8,80.5,2026-09-09,2.6,14.6,22.1,2.713253625193573
HR0152,GHMC-Hyderabad,Minor,"Near Chithradharga, R.P. Road.",Mahankali,18,"Near Chithradharga, R.P. Road., Mahankali, Hyderabad, Telangana, India",Minor.pdf,9,17.437594,78.4913299,full,"Mahankali Street, Ward 148 Ramgopalpet, Greater Hyderabad Municipal Corporation North Zone, Hyderabad, Secunderabad mandal, Hyderabad, Telangana, 500003, India",,"Mahankali, Hyderabad, Telangana, India",point_level,17.4368038,78.4904497,True,531.4492399999854,249.8,237.7,170.7,128.0,58.8,80.5,2026-09-09,2.6,14.6,22.1,2.713253625193573
HR0153,GHMC-Hyderabad,Minor,"Underneath of the Bible House Railway Bridge, Bansilalpet, R.P. Road.",Mahankali,18,"Underneath of the Bible House Railway Bridge, Bansilalpet, R.P. Road., Mahankali, Hyderabad, Telangana, India",Minor.pdf,10,17.437594,78.4913299,full,"Mahankali Street, Ward 148 Ramgopalpet, Greater Hyderabad Municipal Corporation North Zone, Hyderabad, Secunderabad mandal, Hyderabad, Telangana, 500003, India",,"Mahankali, Hyderabad, Telangana, India",point_level,17.4367273,78.492121,True,531.4492399999854,249.8,237.7,170.7,128.0,58.8,80.5,2026-09-09,2.6,14.6,22.1,2.713253625193573
HR0154,GHMC-Hyderabad,Minor,"Underneath of the Bhoiguda Railway Bridge, Parcel Office Road, Back side Sec-bad Railway Station.",Mahankali,18,"Underneath of the Bhoiguda Railway Bridge, Parcel Office Road, Back side Sec-bad Railway Station., Mahankali, Hyderabad, Telangana, India",Minor.pdf,11,17.437594,78.4913299,full,"Mahankali Street, Ward 148 Ramgopalpet, Greater Hyderabad Municipal Corporation North Zone, Hyderabad, Secunderabad mandal, Hyderabad, Telangana, 500003, India",,"Mahankali, Hyderabad, Telangana, India",point_level,17.4382825,78.4920868,True,531.4492399999854,249.8,237.7,170.7,128.0,58.8,80.5,2026-09-09,2.6,14.6,22.1,2.713253625193573
HR0155,GHMC-Hyderabad,Minor,"Both the sides in front of Begumpet L&O PS (Opp. Splendid Towers),after passing Foot Over Bridge towards PNT Junction, S.P.Road",Begumpet,18,"Both the sides in front of Begumpet L&O PS (Opp. Splendid Towers),after passing Foot Over Bridge towards PNT Junction, S.P.Road, Hyderabad, Telangana, India",Minor.pdf,12,17.446195,78.463016,full,"Begumpet, Ward 149 Begumpet, Greater Hyderabad Municipal Corporation North Zone, Hyderabad, Balanagar mandal, Medchal–Malkajgiri, Telangana, 500133, India",,"Begumpet, Hyderabad, Telangana, India",ward_level,17.4465703,78.4621646,True,528.4013952000082,249.8,237.7,161.2,128.0,58.8,77.6,2026-09-09,2.5,18.8,23.3,1.8872357197267793
HR0156,GHMC-Hyderabad,Minor,"Mayuri Marg, Begumpet S.P. Road",Begumpet,18,"Mayuri Marg, Begumpet S.P. Road, Hyderabad, Telangana, India",Minor.pdf,13,17.446195,78.463016,full,"Begumpet, Ward 149 Begumpet, Greater Hyderabad Municipal Corporation North Zone, Hyderabad, Balanagar mandal, Medchal–Malkajgiri, Telangana, 500133, India",,"Begumpet, Hyderabad, Telangana, India",ward_level,17.4457468,78.46258399999999,True,528.4013952000082,249.8,237.7,161.2,128.0,58.8,77.6,2026-09-09,2.5,18.8,23.3,1.8872357197267793
HR0157,GHMC-Hyderabad,Minor,"Swathi Wines, near Shyamlal Building, S.P.Road",Begumpet,18,"Swathi Wines, near Shyamlal Building, S.P.Road, Begumpet, Hyderabad, Telangana, India",Minor.pdf,14,17.446195,78.463016,full,"Begumpet, Ward 149 Begumpet, Greater Hyderabad Municipal Corporation North Zone, Hyderabad, Balanagar mandal, Medchal–Malkajgiri, Telangana, 500133, India",,"Begumpet, Hyderabad, Telangana, India",ward_level,17.4458755,78.4626155,True,528.4013952000082,249.8,237.7,161.2,128.0,58.8,77.6,2026-09-09,2.5,18.8,23.3,1.8872357197267793
HR0158,GHMC-Hyderabad,Minor,"Infront of MOCHI Foot Wear, S.P.Road",Begumpet,18,"Infront of MOCHI Foot Wear, S.P.Road, Begumpet, Hyderabad, Telangana, India",Minor.pdf,15,17.446195,78.463016,full,"Begumpet, Ward 149 Begumpet, Greater Hyderabad Municipal Corporation North Zone, Hyderabad, Balanagar mandal, Medchal–Malkajgiri, Telangana, 500133, India",,"Begumpet, Hyderabad, Telangana, India",ward_level,17.446251699999998,78.4627199,True,528.4013952000082,249.8,237.7,161.2,128.0,58.8,77.6,2026-09-09,2.5,18.8,23.3,1.8872357197267793
HR0159,GHMC-Hyderabad,Minor,"Infront of Pantaloons, S.P.Road",Begumpet,18,"Infront of Pantaloons, S.P.Road, Begumpet, Hyderabad, Telangana, India",Minor.pdf,16,17.446195,78.463016,full,"Begumpet, Ward 149 Begumpet, Greater Hyderabad Municipal Corporation North Zone, Hyderabad, Balanagar mandal, Medchal–Malkajgiri, Telangana, 500133, India",,"Begumpet, Hyderabad, Telangana, India",ward_level,17.4460555,78.4626452,True,528.4013952000082,249.8,237.7,161.2,128.0,58.8,77.6,2026-09-09,2.5,18.8,23.3,1.8872357197267793
HR0160,GHMC-Hyderabad,Minor,"Rasoolpura Junction, S.P.Road",Begumpet,18,"Rasoolpura Junction, S.P.Road, Begumpet, Hyderabad, Telangana, India",Minor.pdf,17,17.446195,78.463016,full,"Begumpet, Ward 149 Begumpet, Greater Hyderabad Municipal Corporation North Zone, Hyderabad, Balanagar mandal, Medchal–Malkajgiri, Telangana, 500133, India",,"Begumpet, Hyderabad, Telangana, India",ward_level,17.4470761,78.46339309999999,True,528.4013952000082,249.8,237.7,161.2,128.0,58.8,77.6,2026-09-09,2.5,18.8,23.3,1.8872357197267793
HR0161,GHMC-Hyderabad,Minor,"At Plaza Junction, S.P.Road",Begumpet,18,"At Plaza Junction, S.P.Road, Begumpet, Hyderabad, Telangana, India",Minor.pdf,18,17.446195,78.463016,full,"Begumpet, Ward 149 Begumpet, Greater Hyderabad Municipal Corporation North Zone, Hyderabad, Balanagar mandal, Medchal–Malkajgiri, Telangana, 500133, India",,"Begumpet, Hyderabad, Telangana, India",ward_level,17.446591899999998,78.4621457,True,528.4013952000082,249.8,237.7,161.2,128.0,58.8,77.6,2026-09-09,2.5,18.8,23.3,1.8872357197267793
HR0162,GHMC-Hyderabad,Minor,"HDFC Lane towards Fire Station, P.G.Road",Begumpet,18,"HDFC Lane towards Fire Station, P.G.Road, Begumpet, Hyderabad, Telangana, India",Minor.pdf,19,17.446195,78.463016,full,"Begumpet, Ward 149 Begumpet, Greater Hyderabad Municipal Corporation North Zone, Hyderabad, Balanagar mandal, Medchal–Malkajgiri, Telangana, 500133, India",,"Begumpet, Hyderabad, Telangana, India",ward_level,17.4470032,78.462935,True,528.4013952000082,249.8,237.7,161.2,128.0,58.8,77.6,2026-09-09,2.5,18.8,23.3,1.8872357197267793
HR0163,GHMC-Hyderabad,Minor,"Infront of Autofin, P.G.Road",Begumpet,18,"Infront of Autofin, P.G.Road, Begumpet, Hyderabad, Telangana, India",Minor.pdf,20,17.446195,78.463016,full,"Begumpet, Ward 149 Begumpet, Greater Hyderabad Municipal Corporation North Zone, Hyderabad, Balanagar mandal, Medchal–Malkajgiri, Telangana, 500133, India",,"Begumpet, Hyderabad, Telangana, India",ward_level,17.4466315,78.46387639999999,True,528.4013952000082,249.8,237.7,161.2,128.0,58.8,77.6,2026-09-09,2.5,18.8,23.3,1.8872357197267793
HR0164,GHMC-Hyderabad,Minor,"Infront of Parsi High School, Park Lane",Begumpet,18,"Infront of Parsi High School, Park Lane, Begumpet, Hyderabad, Telangana, India",Minor.pdf,21,17.4404147,78.4893455,full,"BRJC Parsi High School, Park Lane, Jawahar Nagar Colony, Boiguda, Ward 149 Begumpet, Greater Hyderabad Municipal Corporation North Zone, Hyderabad, Secunderabad mandal, Hyderabad, Telangana, 500003, India",,"Parsi High School, Park Lane, Hyderabad, Telangana, India",point_level,17.4404147,78.4893455,False,534.3945781039839,249.8,237.7,161.2,128.0,58.8,77.6,2026-09-09,2.5,18.8,23.3,6.874213975289925
HR0165,GHMC-Hyderabad,Minor,In front of Surana Towars Karbala Maidan junction,Begumpet,18,"In front of Surana Towars Karbala Maidan junction, Begumpet, Hyderabad, Telangana, India",Minor.pdf,22,17.446195,78.463016,full,"Begumpet, Ward 149 Begumpet, Greater Hyderabad Municipal Corporation North Zone, Hyderabad, Balanagar mandal, Medchal–Malkajgiri, Telangana, 500133, India",,"Begumpet, Hyderabad, Telangana, India",ward_level,17.4456865,78.4636136,True,528.4013952000082,249.8,237.7,161.2,128.0,58.8,77.6,2026-09-09,2.5,18.8,23.3,1.8872357197267793
HR0166,GHMC-Hyderabad,Minor,In front of Kims hospital Both Side,Begumpet,18,"In front of Kims hospital Both Side, Begumpet, Hyderabad, Telangana, India",Minor.pdf,23,17.446195,78.463016,full,"Begumpet, Ward 149 Begumpet, Greater Hyderabad Municipal Corporation North Zone, Hyderabad, Balanagar mandal, Medchal–Malkajgiri, Telangana, 500133, India",,"Begumpet, Hyderabad, Telangana, India",ward_level,17.4461221,78.4629593,True,528.4013952000082,249.8,237.7,161.2,128.0,58.8,77.6,2026-09-09,2.5,18.8,23.3,1.8872357197267793
HR0167,GHMC-Hyderabad,Minor,Bajaj Electronics’ towards NIMS,Begumpet,10,"Bajaj Electronics’ towards NIMS, Begumpet, Hyderabad, Telangana, India",Minor.pdf,24,17.446195,78.463016,full,"Begumpet, Ward 149 Begumpet, Greater Hyderabad Municipal Corporation North Zone, Hyderabad, Balanagar mandal, Medchal–Malkajgiri, Telangana, 500133, India",,"Begumpet, Hyderabad, Telangana, India",ward_level,17.4464281,78.4626704,True,528.4013952000082,249.8,237.7,161.2,128.0,58.8,77.6,2026-09-09,2.5,18.8,23.3,1.8872357197267793
HR0168,GHMC-Hyderabad,Minor,Yes Bank Near,Begumpet,10,"Yes Bank Near, Begumpet, Hyderabad, Telangana, India",Minor.pdf,25,17.439975,78.3633183,full,"Yes bank Atm, Gachibowli - Miyapur Highway, Ward 106 Serilingampally, Greater Hyderabad Municipal Corporation West Zone, Hyderabad, Serilingampalle mandal, Ranga Reddy, Telangana, 500032, India",,"Yes Bank, Hyderabad, Telangana, India",point_level,17.439975,78.3633183,False,586.4816091999515,227.0,276.7,162.79999999999998,109.1,58.8,84.5,2026-09-09,1.6,18.90000000000001,23.000000000000004,5.756156507955713
HR0169,GHMC-Hyderabad,Minor,Dominos Pizza Hurt Opp towards Monappa Island,Panjagutta,10,"Dominos Pizza Hurt Opp towards Monappa Island, Panjagutta, Hyderabad, Telangana, India",Minor.pdf,26,17.4254245,78.4517519,full,"Panjagutta, Ward 91 Khairatabad, Greater Hyderabad Municipal Corporation Central Zone, Hyderabad, Khairatabad mandal, Hyderabad, Telangana, 500082, India",,"Panjagutta, Hyderabad, Telangana, India",ward_level,17.4251464,78.45230810000001,True,534.6338728880137,249.8,237.7,170.7,128.0,58.8,80.5,2026-09-09,2.6,14.6,22.1,3.788544489188391
HR0170,GHMC-Hyderabad,Minor,Big Bazar Opposite,Panjagutta,10,"Big Bazar Opposite, Panjagutta, Hyderabad, Telangana, India",Minor.pdf,27,17.3532552,78.5561403,full,"Big Bazaar, LB Nagar - Uppal Road, RTC Colony, LB Nagar, Ward 11 Nagole, Greater Hyderabad Municipal Corporation East Zone, Hyderabad, Saroornagar mandal, Ranga Reddy, Telangana, 500963, India",,"Big Bazar, Hyderabad, Telangana, India",point_level,17.3532552,78.5561403,False,510.117086195226,231.1,237.4,169.9,126.3,52.5,85.0,2026-09-09,1.8,7.1000000000000005,15.0,2.7427104904324358
HR0171,GHMC-Hyderabad,Minor,Shalimar Junction free left ( towards SR Nagar to Shalimar),Panjagutta,10,"Shalimar Junction free left ( towards SR Nagar to Shalimar), Panjagutta, Hyderabad, Telangana, India",Minor.pdf,28,17.4254245,78.4517519,full,"Panjagutta, Ward 91 Khairatabad, Greater Hyderabad Municipal Corporation Central Zone, Hyderabad, Khairatabad mandal, Hyderabad, Telangana, 500082, India",,"Panjagutta, Hyderabad, Telangana, India",ward_level,17.4246415,78.4509941,True,534.6338728880137,249.8,237.7,170.7,128.0,58.8,80.5,2026-09-09,2.6,14.6,22.1,3.788544489188391
HR0172,GHMC-Hyderabad,Minor,Aghra Sweet House,Panjagutta,10,"Aghra Sweet House, Panjagutta, Hyderabad, Telangana, India",Minor.pdf,29,17.4254245,78.4517519,full,"Panjagutta, Ward 91 Khairatabad, Greater Hyderabad Municipal Corporation Central Zone, Hyderabad, Khairatabad mandal, Hyderabad, Telangana, 500082, India",,"Panjagutta, Hyderabad, Telangana, India",ward_level,17.4253021,78.4524521,True,534.6338728880137,249.8,237.7,170.7,128.0,58.8,80.5,2026-09-09,2.6,14.6,22.1,3.788544489188391
HR0173,GHMC-Hyderabad,Minor,Lalbangla Near Bus Stop Area,Panjagutta,10,"Lalbangla Near Bus Stop Area, Panjagutta, Hyderabad, Telangana, India",Minor.pdf,30,17.4254245,78.4517519,full,"Panjagutta, Ward 91 Khairatabad, Greater Hyderabad Municipal Corporation Central Zone, Hyderabad, Khairatabad mandal, Hyderabad, Telangana, 500082, India",,"Panjagutta, Hyderabad, Telangana, India",ward_level,17.4248548,78.4508744,True,534.6338728880137,249.8,237.7,170.7,128.0,58.8,80.5,2026-09-09,2.6,14.6,22.1,3.788544489188391
HR0174,GHMC-Hyderabad,Minor,D.K. Road towards Matha Temple near DK Road,Panjagutta,10,"D.K. Road towards Matha Temple near DK Road, Panjagutta, Hyderabad, Telangana, India",Minor.pdf,31,17.4254245,78.4517519,full,"Panjagutta, Ward 91 Khairatabad, Greater Hyderabad Municipal Corporation Central Zone, Hyderabad, Khairatabad mandal, Hyderabad, Telangana, 500082, India",,"Panjagutta, Hyderabad, Telangana, India",ward_level,17.4248539,78.4517132,True,534.6338728880137,249.8,237.7,170.7,128.0,58.8,80.5,2026-09-09,2.6,14.6,22.1,3.788544489188391
HR0175,GHMC-Hyderabad,Minor,Life Style,Panjagutta,10,"Life Style, Panjagutta, Hyderabad, Telangana, India",Minor.pdf,32,17.3553027,78.4734877,full,"life style, Charminar Road, Ward 33 Moghalpura, Greater Hyderabad Municipal Corporation South Zone, Hyderabad, Charminar mandal, Hyderabad, Telangana, 500065, India",,"Life Style, Hyderabad, Telangana, India",point_level,17.3553027,78.4734877,False,513.9601391984032,231.1,237.4,166.0,126.3,52.5,84.9,2026-09-09,3.7,10.7,14.4,1.3843932558961112
HR0176,GHMC-Hyderabad,Minor,Green Lands Starting flyover,Panjagutta,10,"Green Lands Starting flyover, Panjagutta, Hyderabad, Telangana, India",Minor.pdf,33,17.4254245,78.4517519,full,"Panjagutta, Ward 91 Khairatabad, Greater Hyderabad Municipal Corporation Central Zone, Hyderabad, Khairatabad mandal, Hyderabad, Telangana, 500082, India",,"Panjagutta, Hyderabad, Telangana, India",ward_level,17.426229999999997,78.45092120000001,True,534.6338728880137,249.8,237.7,170.7,128.0,58.8,80.5,2026-09-09,2.6,14.6,22.1,3.788544489188391
HR0177,GHMC-Hyderabad,Minor,Hindu Press,Panjagutta,10,"Hindu Press, Panjagutta, Hyderabad, Telangana, India",Minor.pdf,34,17.4254245,78.4517519,full,"Panjagutta, Ward 91 Khairatabad, Greater Hyderabad Municipal Corporation Central Zone, Hyderabad, Khairatabad mandal, Hyderabad, Telangana, 500082, India",,"Panjagutta, Hyderabad, Telangana, India",ward_level,17.425566699999997,78.4510382,True,534.6338728880137,249.8,237.7,170.7,128.0,58.8,80.5,2026-09-09,2.6,14.6,22.1,3.788544489188391
HR0178,GHMC-Hyderabad,Minor,Karmikanagar near chilla,S.R.Nagar,10,"Karmikanagar near chilla, S.R.Nagar, Hyderabad, Telangana, India",Minor.pdf,35,17.4417071,78.4416081,full,"S. R. Nagar, Sanjeeva Reddy Nagar Main Road, Srinivas Nagar, Ameerpet, Ward 98 Ameerpet, Greater Hyderabad Municipal Corporation Central Zone, Hyderabad, Khairatabad mandal, Hyderabad, Telangana, 500038, India",,"S.R.Nagar, Hyderabad, Telangana, India",point_level,17.442266,78.44080799999999,True,546.4216800000268,249.8,237.7,161.2,128.0,58.8,77.6,2026-09-09,2.5,18.8,23.3,3.6170727713330466
HR0179,GHMC-Hyderabad,Minor,Yousufgudacheckpost near mahmood function hall,S.R.Nagar,10,"Yousufgudacheckpost near mahmood function hall, S.R.Nagar, Hyderabad, Telangana, India",Minor.pdf,36,17.4417071,78.4416081,full,"S. R. Nagar, Sanjeeva Reddy Nagar Main Road, Srinivas Nagar, Ameerpet, Ward 98 Ameerpet, Greater Hyderabad Municipal Corporation Central Zone, Hyderabad, Khairatabad mandal, Hyderabad, Telangana, 500038, India",,"S.R.Nagar, Hyderabad, Telangana, India",point_level,17.441527999999998,78.4420698,True,546.4216800000268,249.8,237.7,161.2,128.0,58.8,77.6,2026-09-09,2.5,18.8,23.3,3.6170727713330466
HR0180,GHMC-Hyderabad,Minor,Rahmatnagar x road to NIMSME,S.R.Nagar,10,"Rahmatnagar x road to NIMSME, S.R.Nagar, Hyderabad, Telangana, India",Minor.pdf,37,17.4417071,78.4416081,full,"S. R. Nagar, Sanjeeva Reddy Nagar Main Road, Srinivas Nagar, Ameerpet, Ward 98 Ameerpet, Greater Hyderabad Municipal Corporation Central Zone, Hyderabad, Khairatabad mandal, Hyderabad, Telangana, 500038, India",,"S.R.Nagar, Hyderabad, Telangana, India",point_level,17.4424334,78.4418034,True,546.4216800000268,249.8,237.7,161.2,128.0,58.8,77.6,2026-09-09,2.5,18.8,23.3,3.6170727713330466
HR0181,GHMC-Hyderabad,Minor,Balkampet new bridge,S.R.Nagar,10,"Balkampet new bridge, S.R.Nagar, Hyderabad, Telangana, India",Minor.pdf,38,17.4417071,78.4416081,full,"S. R. Nagar, Sanjeeva Reddy Nagar Main Road, Srinivas Nagar, Ameerpet, Ward 98 Ameerpet, Greater Hyderabad Municipal Corporation Central Zone, Hyderabad, Khairatabad mandal, Hyderabad, Telangana, 500038, India",,"S.R.Nagar, Hyderabad, Telangana, India",point_level,17.441006899999998,78.4416045,True,546.4216800000268,249.8,237.7,161.2,128.0,58.8,77.6,2026-09-09,2.5,18.8,23.3,3.6170727713330466
HR0182,GHMC-Hyderabad,Minor,Road no 36 Opp Dadus sweet shop,S.R.Nagar,10,"Road no 36 Opp Dadus sweet shop, S.R.Nagar, Hyderabad, Telangana, India",Minor.pdf,39,17.4417071,78.4416081,full,"S. R. Nagar, Sanjeeva Reddy Nagar Main Road, Srinivas Nagar, Ameerpet, Ward 98 Ameerpet, Greater Hyderabad Municipal Corporation Central Zone, Hyderabad, Khairatabad mandal, Hyderabad, Telangana, 500038, India",,"S.R.Nagar, Hyderabad, Telangana, India",point_level,17.442266,78.4416018,True,546.4216800000268,249.8,237.7,161.2,128.0,58.8,77.6,2026-09-09,2.5,18.8,23.3,3.6170727713330466
HR0183,GHMC-Hyderabad,Minor,Road no 36 (opp Croma ),S.R.Nagar,10,"Road no 36 (opp Croma ), S.R.Nagar, Hyderabad, Telangana, India",Minor.pdf,40,17.4417071,78.4416081,full,"S. R. Nagar, Sanjeeva Reddy Nagar Main Road, Srinivas Nagar, Ameerpet, Ward 98 Ameerpet, Greater Hyderabad Municipal Corporation Central Zone, Hyderabad, Khairatabad mandal, Hyderabad, Telangana, 500038, India",,"S.R.Nagar, Hyderabad, Telangana, India",point_level,17.4413138,78.44160269999999,True,546.4216800000268,249.8,237.7,161.2,128.0,58.8,77.6,2026-09-09,2.5,18.8,23.3,3.6170727713330466
HR0184,GHMC-Hyderabad,Minor,Road no-31/36 Bus Stop,Reddy,10,"Road no-31/36 Bus Stop, Reddy, Hyderabad, Telangana, India",Minor.pdf,41,17.4202917,78.420463,full,"Kasu Brahmananda Reddy National Park, Ward 92 Venkateshwara Colony, Greater Hyderabad Municipal Corporation Central Zone, Hyderabad, Shaikpet mandal, Hyderabad, Telangana, India",,"Reddy, Hyderabad, Telangana, India",area_level,17.4202917,78.420463,False,613.3172799679654,249.8,237.7,170.7,128.0,58.8,80.5,2026-09-09,2.6,14.6,22.1,7.690157453680669
HR0185,GHMC-Hyderabad,Minor,ICICI Bank Road 36 jubilee hills,Reddy,10,"ICICI Bank Road 36 jubilee hills, Reddy, Hyderabad, Telangana, India",Minor.pdf,42,17.4269433,78.4146125,full,"ICICI Bank, Jubilee Hills Road No 36, Jubilee Hills, Ward 95 Jubilee Hills, Greater Hyderabad Municipal Corporation Central Zone, Hyderabad, Shaikpet mandal, Hyderabad, Telangana, 500033, India",,"ICICI Bank Road 36 jubilee hills, Hyderabad, Telangana, India",point_level,17.4269433,78.4146125,False,605.7875073999738,249.8,237.7,170.7,128.0,58.8,80.5,2026-09-09,2.6,14.6,22.1,4.2278728420895435
HR0186,GHMC-Hyderabad,Minor,"After Bus Stop near Cancer Hospital towards N.T.R.Bhavan Junction, Banjarahills.",Banjarahills,10,"After Bus Stop near Cancer Hospital towards N.T.R.Bhavan Junction, Banjarahills., Hyderabad, Telangana, India",Minor.pdf,43,17.4177464,78.4399014,retry_success,"Banjara Hills, Ward 92 Venkateshwara Colony, Greater Hyderabad Municipal Corporation Central Zone, Hyderabad, Shaikpet mandal, Hyderabad, Telangana, 500034, India","Banjara Hills, Hyderabad, Telangana, India",,unresolved,17.4172874,78.4396125,True,580.9438237183992,249.8,237.7,170.7,128.0,58.8,80.5,2026-09-09,2.6,14.6,22.1,3.3070119549551524
HR0187,GHMC-Hyderabad,Minor,In between Cancer Hospital towards N.T.R. Bhavan Opp to B.N.Reddy colony gate no.2.,Banjarahills,10,"In between Cancer Hospital towards N.T.R. Bhavan Opp to B.N.Reddy colony gate no.2., Banjarahills, Hyderabad, Telangana, India",Minor.pdf,44,17.4177464,78.4399014,retry_success,"Banjara Hills, Ward 92 Venkateshwara Colony, Greater Hyderabad Municipal Corporation Central Zone, Hyderabad, Shaikpet mandal, Hyderabad, Telangana, 500034, India","Banjara Hills, Hyderabad, Telangana, India",,unresolved,17.4169274,78.4399914,True,580.9438237183992,249.8,237.7,170.7,128.0,58.8,80.5,2026-09-09,2.6,14.6,22.1,3.3070119549551524
HR0188,GHMC-Hyderabad,Minor,Part Hyatt Road no.2 banjara Hills towards Sagar society. Opp to DIESEL Show Room.,Banjarahills,10,"Part Hyatt Road no.2 banjara Hills towards Sagar society. Opp to DIESEL Show Room., Banjarahills, Hyderabad, Telangana, India",Minor.pdf,45,17.4177464,78.4399014,retry_success,"Banjara Hills, Ward 92 Venkateshwara Colony, Greater Hyderabad Municipal Corporation Central Zone, Hyderabad, Shaikpet mandal, Hyderabad, Telangana, 500034, India","Banjara Hills, Hyderabad, Telangana, India",,unresolved,17.416867099999997,78.4396503,True,580.9438237183992,249.8,237.7,170.7,128.0,58.8,80.5,2026-09-09,2.6,14.6,22.1,3.3070119549551524
HR0189,GHMC-Hyderabad,Minor,Kamalapuri Colony Lane beside Indian petrol pump.,Banjarahills,10,"Kamalapuri Colony Lane beside Indian petrol pump., Banjarahills, Hyderabad, Telangana, India",Minor.pdf,46,17.4177464,78.4399014,retry_success,"Banjara Hills, Ward 92 Venkateshwara Colony, Greater Hyderabad Municipal Corporation Central Zone, Hyderabad, Shaikpet mandal, Hyderabad, Telangana, 500034, India","Banjara Hills, Hyderabad, Telangana, India",,unresolved,17.417207299999998,78.43941,True,580.9438237183992,249.8,237.7,170.7,128.0,58.8,80.5,2026-09-09,2.6,14.6,22.1,3.3070119549551524
HR0190,GHMC-Hyderabad,Minor,Road no 10 Banjara hills near Zaheera Nagar infront of new meena bazaar Shop.,Banjarahills,10,"Road no 10 Banjara hills near Zaheera Nagar infront of new meena bazaar Shop., Banjarahills, Hyderabad, Telangana, India",Minor.pdf,47,17.4177464,78.4399014,retry_success,"Banjara Hills, Ward 92 Venkateshwara Colony, Greater Hyderabad Municipal Corporation Central Zone, Hyderabad, Shaikpet mandal, Hyderabad, Telangana, 500034, India","Banjara Hills, Hyderabad, Telangana, India",,unresolved,17.417489,78.4397682,True,580.9438237183992,249.8,237.7,170.7,128.0,58.8,80.5,2026-09-09,2.6,14.6,22.1,3.3070119549551524
HR0191,GHMC-Hyderabad,Minor,Road no.10 Banjara hills infront of Star Hospital Parking place,Banjarahills,10,"Road no.10 Banjara hills infront of Star Hospital Parking place, Banjarahills, Hyderabad, Telangana, India",Minor.pdf,48,17.4177464,78.4399014,retry_success,"Banjara Hills, Ward 92 Venkateshwara Colony, Greater Hyderabad Municipal Corporation Central Zone, Hyderabad, Shaikpet mandal, Hyderabad, Telangana, 500034, India","Banjara Hills, Hyderabad, Telangana, India",,unresolved,17.418183799999998,78.4397403,True,580.9438237183992,249.8,237.7,170.7,128.0,58.8,80.5,2026-09-09,2.6,14.6,22.1,3.3070119549551524
HR0192,GHMC-Hyderabad,Minor,"Infront of MRO Office, Rd.No.2, B/Hills.",Banjarahills,10,"Infront of MRO Office, Rd.No.2, B/Hills., Banjarahills, Hyderabad, Telangana, India",Minor.pdf,49,17.4177464,78.4399014,retry_success,"Banjara Hills, Ward 92 Venkateshwara Colony, Greater Hyderabad Municipal Corporation Central Zone, Hyderabad, Shaikpet mandal, Hyderabad, Telangana, 500034, India","Banjara Hills, Hyderabad, Telangana, India",,unresolved,17.418252199999998,78.4407519,True,580.9438237183992,249.8,237.7,170.7,128.0,58.8,80.5,2026-09-09,2.6,14.6,22.1,3.3070119549551524
HR0193,GHMC-Hyderabad,Minor,Road.No.1/12 junction (Graveyard) B/Hills,Banjarahills,10,"Road.No.1/12 junction (Graveyard) B/Hills, Banjarahills, Hyderabad, Telangana, India",Minor.pdf,50,17.4177464,78.4399014,retry_success,"Banjara Hills, Ward 92 Venkateshwara Colony, Greater Hyderabad Municipal Corporation Central Zone, Hyderabad, Shaikpet mandal, Hyderabad, Telangana, 500034, India","Banjara Hills, Hyderabad, Telangana, India",,unresolved,17.4183323,78.4406655,True,580.9438237183992,249.8,237.7,170.7,128.0,58.8,80.5,2026-09-09,2.6,14.6,22.1,3.3070119549551524
HR0194,GHMC-Hyderabad,Minor,"Near Ayurvedic Hospital, Road.No. 1/13 B/Hills",Banjarahills,10,"Near Ayurvedic Hospital, Road.No. 1/13 B/Hills, Banjarahills, Hyderabad, Telangana, India",Minor.pdf,51,17.4177464,78.4399014,retry_success,"Banjara Hills, Ward 92 Venkateshwara Colony, Greater Hyderabad Municipal Corporation Central Zone, Hyderabad, Shaikpet mandal, Hyderabad, Telangana, 500034, India","Banjara Hills, Hyderabad, Telangana, India",,unresolved,17.4176456,78.4392489,True,580.9438237183992,249.8,237.7,170.7,128.0,58.8,80.5,2026-09-09,2.6,14.6,22.1,3.3070119549551524
HR0195,GHMC-Hyderabad,Minor,Inbetween NTR Bhavan to Jubilee Checkpost (Opp.to Japanese park) GHMC,Banjarahills,10,"Inbetween NTR Bhavan to Jubilee Checkpost (Opp.to Japanese park) GHMC, Banjarahills, Hyderabad, Telangana, India",Minor.pdf,52,17.4177464,78.4399014,retry_success,"Banjara Hills, Ward 92 Venkateshwara Colony, Greater Hyderabad Municipal Corporation Central Zone, Hyderabad, Shaikpet mandal, Hyderabad, Telangana, 500034, India","Banjara Hills, Hyderabad, Telangana, India",,unresolved,17.418140599999997,78.4395171,True,580.9438237183992,249.8,237.7,170.7,128.0,58.8,80.5,2026-09-09,2.6,14.6,22.1,3.3070119549551524
HR0196,GHMC-Hyderabad,Minor,"Opp. to Taj Krishna Junction near Ashania Function, Road. No.1,B/Hills",Banjarahills,10,"Opp. to Taj Krishna Junction near Ashania Function, Road. No.1,B/Hills, Banjarahills, Hyderabad, Telangana, India",Minor.pdf,53,17.4177464,78.4399014,retry_success,"Banjara Hills, Ward 92 Venkateshwara Colony, Greater Hyderabad Municipal Corporation Central Zone, Hyderabad, Shaikpet mandal, Hyderabad, Telangana, 500034, India","Banjara Hills, Hyderabad, Telangana, India",,unresolved,17.4171272,78.4390536,True,580.9438237183992,249.8,237.7,170.7,128.0,58.8,80.5,2026-09-09,2.6,14.6,22.1,3.3070119549551524
HR0197,GHMC-Hyderabad,Minor,Road No.12 near Green Banjara Colony,Banjarahills,10,"Road No.12 near Green Banjara Colony, Banjarahills, Hyderabad, Telangana, India",Minor.pdf,54,17.4208926,78.4430499,retry_success,"Banjara Hills Road Number 4, Green Valley, Banjara Hills, Ward 92 Venkateshwara Colony, Greater Hyderabad Municipal Corporation Central Zone, Hyderabad, Shaikpet mandal, Hyderabad, Telangana, 500034, India","Banjara Hills, Hyderabad, Telangana, India","Road No.12 Green Banjara Colony, Hyderabad, Telangana, India",point_level,17.4208926,78.4430499,False,565.7836560384081,249.8,237.7,170.7,128.0,58.8,80.5,2026-09-09,2.6,14.6,22.1,2.769737319930856
HR0198,GHMC-Hyderabad,Minor,Dwaraka turning,Saifabad,10,"Dwaraka turning, Saifabad, Hyderabad, Telangana, India",Minor.pdf,55,17.4047878,78.4658367,full,"Saifabad, Ward 91 Khairatabad, Greater Hyderabad Municipal Corporation Central Zone, Hyderabad, Khairatabad mandal, Hyderabad, Telangana, 500004, India",,"Saifabad, Hyderabad, Telangana, India",ward_level,17.405529400000002,78.4649484,True,530.5370987103832,249.8,237.7,170.7,128.0,58.8,80.5,2026-09-09,2.6,14.6,22.1,4.147602198702925
HR0199,GHMC-Hyderabad,Minor,Ravindra Bharathi,Saifabad,10,"Ravindra Bharathi, Saifabad, Hyderabad, Telangana, India",Minor.pdf,56,17.4035798,78.4669039,full,"Ravindra Bharathi, Lakdikapul Road, Red Hills, Nampally, Ward 91 Khairatabad, Greater Hyderabad Municipal Corporation Central Zone, Hyderabad, Khairatabad mandal, Hyderabad, Telangana, 500004, India",,"Ravindra Bharathi, Hyderabad, Telangana, India",point_level,17.4035798,78.4669039,False,526.9537599999521,249.8,237.7,170.7,128.0,58.8,80.5,2026-09-09,2.6,14.6,22.1,9.399329952766825
HR0200,GHMC-Hyderabad,Minor,Inbetween Iqbal Minar & Old P S Saifabad,Saifabad,10,"Inbetween Iqbal Minar & Old P S Saifabad, Hyderabad, Telangana, India",Minor.pdf,57,17.4047878,78.4658367,full,"Saifabad, Ward 91 Khairatabad, Greater Hyderabad Municipal Corporation Central Zone, Hyderabad, Khairatabad mandal, Hyderabad, Telangana, 500004, India",,"Saifabad, Hyderabad, Telangana, India",ward_level,17.404754500000003,78.46561439999999,True,530.5370987103832,249.8,237.7,170.7,128.0,58.8,80.5,2026-09-09,2.6,14.6,22.1,4.147602198702925
HR0201,GHMC-Hyderabad,Minor,Mint Compound,Saifabad,10,"Mint Compound, Saifabad, Hyderabad, Telangana, India",Minor.pdf,58,17.4095603,78.4662848,full,"Mint Compound, Government of India, Khairatabad, Ward 91 Khairatabad, Greater Hyderabad Municipal Corporation Central Zone, Hyderabad, Khairatabad mandal, Hyderabad, Telangana, India",,"Mint Compound, Hyderabad, Telangana, India",point_level,17.4095603,78.4662848,False,523.0,249.8,237.7,170.7,128.0,58.8,80.5,2026-09-09,2.6,14.6,22.1,0.8064878846544017
HR0202,GHMC-Hyderabad,Minor,Prasad I-max “U” turn,Saifabad,10,"Prasad I-max “U” turn, Saifabad, Hyderabad, Telangana, India",Minor.pdf,59,17.4047878,78.4658367,full,"Saifabad, Ward 91 Khairatabad, Greater Hyderabad Municipal Corporation Central Zone, Hyderabad, Khairatabad mandal, Hyderabad, Telangana, 500004, India",,"Saifabad, Hyderabad, Telangana, India",ward_level,17.404255000000003,78.4653111,True,530.5370987103832,249.8,237.7,170.7,128.0,58.8,80.5,2026-09-09,2.6,14.6,22.1,4.147602198702925
HR0203,GHMC-Hyderabad,Minor,Meekosam Parking,Saifabad,10,"Meekosam Parking, Saifabad, Hyderabad, Telangana, India",Minor.pdf,60,17.4047878,78.4658367,full,"Saifabad, Ward 91 Khairatabad, Greater Hyderabad Municipal Corporation Central Zone, Hyderabad, Khairatabad mandal, Hyderabad, Telangana, 500004, India",,"Saifabad, Hyderabad, Telangana, India",ward_level,17.4043756,78.46631909999999,True,530.5370987103832,249.8,237.7,170.7,128.0,58.8,80.5,2026-09-09,2.6,14.6,22.1,4.147602198702925
HR0204,GHMC-Hyderabad,Minor,Danger Zone turning,Saifabad,10,"Danger Zone turning, Saifabad, Hyderabad, Telangana, India",Minor.pdf,61,17.4047878,78.4658367,full,"Saifabad, Ward 91 Khairatabad, Greater Hyderabad Municipal Corporation Central Zone, Hyderabad, Khairatabad mandal, Hyderabad, Telangana, 500004, India",,"Saifabad, Hyderabad, Telangana, India",ward_level,17.4048832,78.46664129999999,True,530.5370987103832,249.8,237.7,170.7,128.0,58.8,80.5,2026-09-09,2.6,14.6,22.1,4.147602198702925
HR0205,GHMC-Hyderabad,Minor,P.V.Ghat,Saifabad,10,"P.V.Ghat, Saifabad, Hyderabad, Telangana, India",Minor.pdf,62,17.4047878,78.4658367,full,"Saifabad, Ward 91 Khairatabad, Greater Hyderabad Municipal Corporation Central Zone, Hyderabad, Khairatabad mandal, Hyderabad, Telangana, 500004, India",,"Saifabad, Hyderabad, Telangana, India",ward_level,17.4043324,78.4654776,True,530.5370987103832,249.8,237.7,170.7,128.0,58.8,80.5,2026-09-09,2.6,14.6,22.1,4.147602198702925
HR0206,GHMC-Hyderabad,Minor,Mediciti Hospital to LIC Office,Saifabad,8,"Mediciti Hospital to LIC Office, Saifabad, Hyderabad, Telangana, India",Minor.pdf,63,17.4047878,78.4658367,full,"Saifabad, Ward 91 Khairatabad, Greater Hyderabad Municipal Corporation Central Zone, Hyderabad, Khairatabad mandal, Hyderabad, Telangana, 500004, India",,"Saifabad, Hyderabad, Telangana, India",ward_level,17.405370100000003,78.46552439999999,True,530.5370987103832,249.8,237.7,170.7,128.0,58.8,80.5,2026-09-09,2.6,14.6,22.1,4.147602198702925
HR0207,GHMC-Hyderabad,Minor,Inbetween Ambedkar Statue and Telugu tally,Saifabad,10,"Inbetween Ambedkar Statue and Telugu tally, Saifabad, Hyderabad, Telangana, India",Minor.pdf,64,17.4047878,78.4658367,full,"Saifabad, Ward 91 Khairatabad, Greater Hyderabad Municipal Corporation Central Zone, Hyderabad, Khairatabad mandal, Hyderabad, Telangana, 500004, India",,"Saifabad, Hyderabad, Telangana, India",ward_level,17.4044908,78.4656306,True,530.5370987103832,249.8,237.7,170.7,128.0,58.8,80.5,2026-09-09,2.6,14.6,22.1,4.147602198702925
HR0208,GHMC-Hyderabad,Minor,Hyderabad Collector Office.,Saifabad,8,"Hyderabad Collector Office., Saifabad, Hyderabad, Telangana, India",Minor.pdf,65,17.4047878,78.4658367,full,"Saifabad, Ward 91 Khairatabad, Greater Hyderabad Municipal Corporation Central Zone, Hyderabad, Khairatabad mandal, Hyderabad, Telangana, 500004, India",,"Saifabad, Hyderabad, Telangana, India",ward_level,17.404851700000002,78.4655271,True,530.5370987103832,249.8,237.7,170.7,128.0,58.8,80.5,2026-09-09,2.6,14.6,22.1,4.147602198702925
HR0209,GHMC-Hyderabad,Minor,Klk Building.,Saifabad,8,"Klk Building., Saifabad, Hyderabad, Telangana, India",Minor.pdf,66,17.4047878,78.4658367,full,"Saifabad, Ward 91 Khairatabad, Greater Hyderabad Municipal Corporation Central Zone, Hyderabad, Khairatabad mandal, Hyderabad, Telangana, 500004, India",,"Saifabad, Hyderabad, Telangana, India",ward_level,17.4039778,78.4660221,True,530.5370987103832,249.8,237.7,170.7,128.0,58.8,80.5,2026-09-09,2.6,14.6,22.1,4.147602198702925
HR0210,GHMC-Hyderabad,Minor,Old P.S. Troop Bazaar.,Saifabad,8,"Old P.S. Troop Bazaar., Saifabad, Hyderabad, Telangana, India",Minor.pdf,67,17.4047878,78.4658367,full,"Saifabad, Ward 91 Khairatabad, Greater Hyderabad Municipal Corporation Central Zone, Hyderabad, Khairatabad mandal, Hyderabad, Telangana, 500004, India",,"Saifabad, Hyderabad, Telangana, India",ward_level,17.4039427,78.4651572,True,530.5370987103832,249.8,237.7,170.7,128.0,58.8,80.5,2026-09-09,2.6,14.6,22.1,4.147602198702925
HR0211,GHMC-Hyderabad,Minor,"Sujatha School, Chapel Road.",Saifabad,8,"Sujatha School, Chapel Road., Saifabad, Hyderabad, Telangana, India",Minor.pdf,68,17.3947951,78.4730227,full,"Sujatha High School, Chapel Road, Gun Foundry, Ward 78 Gunfoundry, Greater Hyderabad Municipal Corporation Central Zone, Hyderabad, Nampally mandal, Hyderabad, Telangana, 500001, India",,"Sujatha School, Chapel Road., Hyderabad, Telangana, India",point_level,17.3947951,78.4730227,False,520.0073919408119,249.8,237.7,170.7,128.0,58.8,80.5,2026-09-09,2.6,14.6,22.1,3.220721653403232
HR0212,GHMC-Hyderabad,Minor,"Endowment Office, Tilak Road.",Saifabad,8,"Endowment Office, Tilak Road., Saifabad, Hyderabad, Telangana, India",Minor.pdf,69,17.4047878,78.4658367,full,"Saifabad, Ward 91 Khairatabad, Greater Hyderabad Municipal Corporation Central Zone, Hyderabad, Khairatabad mandal, Hyderabad, Telangana, 500004, India",,"Saifabad, Hyderabad, Telangana, India",ward_level,17.4054268,78.4660833,True,530.5370987103832,249.8,237.7,170.7,128.0,58.8,80.5,2026-09-09,2.6,14.6,22.1,4.147602198702925
HR0213,GHMC-Hyderabad,Minor,"Narayanaguda concept school, to cafe coffee day",Narayanguda,9,"Narayanaguda concept school, to cafe coffee day, Narayanguda, Hyderabad, Telangana, India",Minor.pdf,70,17.3981159,78.4885006,full,"Narayanguda, Ward 79 Himayath Nagar, Greater Hyderabad Municipal Corporation Central Zone, Hyderabad, Himayatnagar mandal, Hyderabad, Telangana, 500029, India",,"Narayanguda, Hyderabad, Telangana, India",ward_level,17.3974166,78.48897129999999,True,507.0,249.8,237.7,170.7,128.0,58.8,80.5,2026-09-09,2.6,14.6,22.1,1.0968482496813856
HR0214,GHMC-Hyderabad,Minor,St no 1 to Vijaya diagnostic centre,Narayanguda,9,"St no 1 to Vijaya diagnostic centre, Narayanguda, Hyderabad, Telangana, India",Minor.pdf,71,17.3981159,78.4885006,full,"Narayanguda, Ward 79 Himayath Nagar, Greater Hyderabad Municipal Corporation Central Zone, Hyderabad, Himayatnagar mandal, Hyderabad, Telangana, 500029, India",,"Narayanguda, Hyderabad, Telangana, India",ward_level,17.398764800000002,78.4888606,True,507.0,249.8,237.7,170.7,128.0,58.8,80.5,2026-09-09,2.6,14.6,22.1,1.0968482496813856
HR0215,GHMC-Hyderabad,Minor,"Opp. Blood bank, HP petrol Pump, Narayanaguda",Narayanguda,9,"Opp. Blood bank, HP petrol Pump, Narayanaguda, Narayanguda, Hyderabad, Telangana, India",Minor.pdf,72,17.3981159,78.4885006,full,"Narayanguda, Ward 79 Himayath Nagar, Greater Hyderabad Municipal Corporation Central Zone, Hyderabad, Himayatnagar mandal, Hyderabad, Telangana, 500029, India",,"Narayanguda, Hyderabad, Telangana, India",ward_level,17.398653200000002,78.48912879999999,True,507.0,249.8,237.7,170.7,128.0,58.8,80.5,2026-09-09,2.6,14.6,22.1,1.0968482496813856
HR0216,GHMC-Hyderabad,Minor,"Kandukuri Veereshlingam Statue, Upper Tank Bund",Chikkadpally,9,"Kandukuri Veereshlingam Statue, Upper Tank Bund, Chikkadpally, Hyderabad, Telangana, India",Minor.pdf,73,17.400939,78.4976319,full,"Chikkadpally, Ward 87 Ramnagar, Greater Hyderabad Municipal Corporation Central Zone, Hyderabad, Himayatnagar mandal, Hyderabad, Telangana, 500027, India",,"Chikkadpally, Hyderabad, Telangana, India",ward_level,17.4015285,78.4974357,True,497.3804000000037,249.8,237.7,170.7,128.0,58.8,80.5,2026-09-09,2.6,14.6,22.1,1.6634929636617162
HR0217,GHMC-Hyderabad,Minor,Reliance Apartment near Indira park X Road,Chikkadpally,9,"Reliance Apartment near Indira park X Road, Chikkadpally, Hyderabad, Telangana, India",Minor.pdf,74,17.400939,78.4976319,full,"Chikkadpally, Ward 87 Ramnagar, Greater Hyderabad Municipal Corporation Central Zone, Hyderabad, Himayatnagar mandal, Hyderabad, Telangana, 500027, India",,"Chikkadpally, Hyderabad, Telangana, India",ward_level,17.4010848,78.4980603,True,497.3804000000037,249.8,237.7,170.7,128.0,58.8,80.5,2026-09-09,2.6,14.6,22.1,1.6634929636617162
HR0218,GHMC-Hyderabad,Minor,"Metro Café, Mushherabad.",Chikkadpally,9,"Metro Café, Mushherabad., Chikkadpally, Hyderabad, Telangana, India",Minor.pdf,75,17.400939,78.4976319,full,"Chikkadpally, Ward 87 Ramnagar, Greater Hyderabad Municipal Corporation Central Zone, Hyderabad, Himayatnagar mandal, Hyderabad, Telangana, 500027, India",,"Chikkadpally, Hyderabad, Telangana, India",ward_level,17.4017355,78.4976166,True,497.3804000000037,249.8,237.7,170.7,128.0,58.8,80.5,2026-09-09,2.6,14.6,22.1,1.6634929636617162
HR0219,GHMC-Hyderabad,Minor,Bagya laxmi Temple,Charminar,5,"Bagya laxmi Temple, Charminar, Hyderabad, Telangana, India",Minor.pdf,76,17.3616024,78.4746421,full,"Charminar, Charminar Circle, Laad Bazaar, Khilwat, Ward 49 Ghansi Bazar, Greater Hyderabad Municipal Corporation South Zone, Hyderabad, Bahadurpura mandal, Hyderabad, Telangana, 500002, India",,"Charminar, Hyderabad, Telangana, India",point_level,17.3619588,78.4740355,True,507.8353734783998,231.1,237.4,166.0,126.3,52.5,84.9,2026-09-09,3.7,10.7,14.4,1.28235895672826
HR0220,GHMC-Hyderabad,Minor,Gulzar House,Charminar,5,"Gulzar House, Charminar, Hyderabad, Telangana, India",Minor.pdf,77,17.3616024,78.4746421,full,"Charminar, Charminar Circle, Laad Bazaar, Khilwat, Ward 49 Ghansi Bazar, Greater Hyderabad Municipal Corporation South Zone, Hyderabad, Bahadurpura mandal, Hyderabad, Telangana, 500002, India",,"Charminar, Hyderabad, Telangana, India",point_level,17.360970599999998,78.4744972,True,507.8353734783998,231.1,237.4,166.0,126.3,52.5,84.9,2026-09-09,3.7,10.7,14.4,1.28235895672826
HR0221,GHMC-Hyderabad,Minor,High Court Gate No.5,Charminar,5,"High Court Gate No.5, Charminar, Hyderabad, Telangana, India",Minor.pdf,78,17.3616024,78.4746421,full,"Charminar, Charminar Circle, Laad Bazaar, Khilwat, Ward 49 Ghansi Bazar, Greater Hyderabad Municipal Corporation South Zone, Hyderabad, Bahadurpura mandal, Hyderabad, Telangana, 500002, India",,"Charminar, Hyderabad, Telangana, India",point_level,17.3624241,78.4750147,True,507.8353734783998,231.1,237.4,166.0,126.3,52.5,84.9,2026-09-09,3.7,10.7,14.4,1.28235895672826
HR0222,GHMC-Hyderabad,Minor,High Court Gate No.3,Charminar,5,"High Court Gate No.3, Charminar, Hyderabad, Telangana, India",Minor.pdf,79,17.3616024,78.4746421,full,"Charminar, Charminar Circle, Laad Bazaar, Khilwat, Ward 49 Ghansi Bazar, Greater Hyderabad Municipal Corporation South Zone, Hyderabad, Bahadurpura mandal, Hyderabad, Telangana, 500002, India",,"Charminar, Hyderabad, Telangana, India",point_level,17.3610957,78.47431449999999,True,507.8353734783998,231.1,237.4,166.0,126.3,52.5,84.9,2026-09-09,3.7,10.7,14.4,1.28235895672826
HR0223,GHMC-Hyderabad,Minor,Nagul Chinta near petrol pump,Falaknuma,5,"Nagul Chinta near petrol pump, Falaknuma, Hyderabad, Telangana, India",Minor.pdf,80,17.3326604,78.4751984,full,"Falaknuma, Quadri chaman road, Jangamet, Ward 45 Jangammet, Greater Hyderabad Municipal Corporation South Zone, Hyderabad, Bandlaguda mandal, Hyderabad, Telangana, 500065, India",,"Falaknuma, Hyderabad, Telangana, India",point_level,17.3319629,78.4751309,True,524.1266707455845,231.1,237.4,166.0,126.3,52.5,84.9,2026-09-09,3.7,10.7,14.4,2.437898583197498
HR0224,GHMC-Hyderabad,Minor,Santsoh Nagar,Falaknuma,4,"Santsoh Nagar, Falaknuma, Hyderabad, Telangana, India",Minor.pdf,81,17.3326604,78.4751984,full,"Falaknuma, Quadri chaman road, Jangamet, Ward 45 Jangammet, Greater Hyderabad Municipal Corporation South Zone, Hyderabad, Bandlaguda mandal, Hyderabad, Telangana, 500065, India",,"Falaknuma, Hyderabad, Telangana, India",point_level,17.333036600000003,78.4745045,True,524.1266707455845,231.1,237.4,166.0,126.3,52.5,84.9,2026-09-09,3.7,10.7,14.4,2.437898583197498
HR0225,GHMC-Hyderabad,Minor,Santsoh Nagar,Falaknuma,4,"Santsoh Nagar, Falaknuma, Hyderabad, Telangana, India",Minor.pdf,82,17.3326604,78.4751984,full,"Falaknuma, Quadri chaman road, Jangamet, Ward 45 Jangammet, Greater Hyderabad Municipal Corporation South Zone, Hyderabad, Bandlaguda mandal, Hyderabad, Telangana, 500065, India",,"Falaknuma, Hyderabad, Telangana, India",point_level,17.3331401,78.4752371,True,524.1266707455845,231.1,237.4,166.0,126.3,52.5,84.9,2026-09-09,3.7,10.7,14.4,2.437898583197498
HR0226,GHMC-Hyderabad,Minor,"Singareni colony junction, infront of iron steel shop Champapet.",Falaknuma,4,"Singareni colony junction, infront of iron steel shop Champapet., Falaknuma, Hyderabad, Telangana, India",Minor.pdf,83,17.3326604,78.4751984,full,"Falaknuma, Quadri chaman road, Jangamet, Ward 45 Jangammet, Greater Hyderabad Municipal Corporation South Zone, Hyderabad, Bandlaguda mandal, Hyderabad, Telangana, 500065, India",,"Falaknuma, Hyderabad, Telangana, India",point_level,17.332718000000003,78.4756799,True,524.1266707455845,231.1,237.4,166.0,126.3,52.5,84.9,2026-09-09,3.7,10.7,14.4,2.437898583197498
HR0227,GHMC-Hyderabad,Minor,Near Sama Narsimha Reddy garden towards Champapet.,Falaknuma,4,"Near Sama Narsimha Reddy garden towards Champapet., Falaknuma, Hyderabad, Telangana, India",Minor.pdf,84,17.3326604,78.4751984,full,"Falaknuma, Quadri chaman road, Jangamet, Ward 45 Jangammet, Greater Hyderabad Municipal Corporation South Zone, Hyderabad, Bandlaguda mandal, Hyderabad, Telangana, 500065, India",,"Falaknuma, Hyderabad, Telangana, India",point_level,17.3325542,78.47583379999999,True,524.1266707455845,231.1,237.4,166.0,126.3,52.5,84.9,2026-09-09,3.7,10.7,14.4,2.437898583197498
HR0228,GHMC-Hyderabad,Minor,*D mart and Indian Oil Petrol Pump at Champapet.,Falaknuma,4,"*D mart and Indian Oil Petrol Pump at Champapet., Falaknuma, Hyderabad, Telangana, India",Minor.pdf,85,17.3326604,78.4751984,full,"Falaknuma, Quadri chaman road, Jangamet, Ward 45 Jangammet, Greater Hyderabad Municipal Corporation South Zone, Hyderabad, Bandlaguda mandal, Hyderabad, Telangana, 500065, India",,"Falaknuma, Hyderabad, Telangana, India",point_level,17.3322347,78.47506969999999,True,524.1266707455845,231.1,237.4,166.0,126.3,52.5,84.9,2026-09-09,3.7,10.7,14.4,2.437898583197498
HR0229,GHMC-Hyderabad,Minor,I S Sadan towards Champapet.,Falaknuma,4,"I S Sadan towards Champapet., Falaknuma, Hyderabad, Telangana, India",Minor.pdf,86,17.3326604,78.4751984,full,"Falaknuma, Quadri chaman road, Jangamet, Ward 45 Jangammet, Greater Hyderabad Municipal Corporation South Zone, Hyderabad, Bandlaguda mandal, Hyderabad, Telangana, 500065, India",,"Falaknuma, Hyderabad, Telangana, India",point_level,17.332084400000003,78.47537299999999,True,524.1266707455845,231.1,237.4,166.0,126.3,52.5,84.9,2026-09-09,3.7,10.7,14.4,2.437898583197498
HR0230,GHMC-Hyderabad,Minor,"I S Sadan, Near Royal Embassy School.",Falaknuma,4,"I S Sadan, Near Royal Embassy School., Falaknuma, Hyderabad, Telangana, India",Minor.pdf,87,17.3326604,78.4751984,full,"Falaknuma, Quadri chaman road, Jangamet, Ward 45 Jangammet, Greater Hyderabad Municipal Corporation South Zone, Hyderabad, Bandlaguda mandal, Hyderabad, Telangana, 500065, India",,"Falaknuma, Hyderabad, Telangana, India",point_level,17.332811600000003,78.4751759,True,524.1266707455845,231.1,237.4,166.0,126.3,52.5,84.9,2026-09-09,3.7,10.7,14.4,2.437898583197498
HR0231,GHMC-Hyderabad,Minor,"Opp. Sweekar Hotel, towards IS Sadan.",Off;27854987,4,"Opp. Sweekar Hotel, towards IS Sadan., Off;27854987, Hyderabad, Telangana, India",Minor.pdf,88,17.3529835,78.5068224,retry_success,"Hotel Sweekar, IS Sadan Main Road, Lakshmi Nagar, Saidabad mandal, Greater Hyderabad Municipal Corporation South Zone, Hyderabad, Telangana, 500059, India","Mir Chowk, Charminar, Hyderabad, Telangana, India","Sweekar Hotel, IS Sadan, Hyderabad, Telangana, India",point_level,17.3529835,78.5068224,False,514.909859968037,231.1,237.4,166.0,126.3,52.5,84.9,2026-09-09,3.7,10.7,14.4,3.1337510563289057
HR0232,GHMC-Hyderabad,Minor,ACP office at saidabad T Junction.,Off;27854987,4,"ACP office at saidabad T Junction., Off;27854987, Hyderabad, Telangana, India",Minor.pdf,89,17.3636186,78.480489,retry_success,"میر چوک تھانہ, Darul Shifa Road, Panjeshah, Purani Haveli, Ward 32 Patthergatti, Greater Hyderabad Municipal Corporation South Zone, Hyderabad, Charminar mandal, Hyderabad, Telangana, 500002, India","Mir Chowk, Charminar, Hyderabad, Telangana, India",,unresolved,17.3634098,78.48100740000001,True,507.52020076795327,231.1,237.4,166.0,126.3,52.5,84.9,2026-09-09,3.7,10.7,14.4,4.272781088723041
HR0233,GHMC-Hyderabad,Minor,OPP. Srinivasa Hospital.,Off;27854987,4,"OPP. Srinivasa Hospital., Off;27854987, Hyderabad, Telangana, India",Minor.pdf,90,17.4938323,78.5398865,retry_success,"Srinivasa Hospital, 8th cross road, Nirmal Nagar, AS Rao Nagar, Ward 1 Kapra, Greater Hyderabad Municipal Corporation East Zone, Hyderabad, Malkajgiri mandal, Medchal–Malkajgiri, Telangana, 500094, India","Mir Chowk, Charminar, Hyderabad, Telangana, India","Srinivasa Hospital, Hyderabad, Telangana, India",point_level,17.4938323,78.5398865,False,566.6123200000161,249.8,237.7,165.5,128.0,58.8,73.2,2026-09-09,1.6,15.6,23.4,1.2598211960594974
HR0234,GHMC-Hyderabad,Minor,Directors Lane SJ Museum,Off;27854987,5,"Directors Lane SJ Museum, Off;27854987, Hyderabad, Telangana, India",Minor.pdf,91,17.3636186,78.480489,retry_success,"میر چوک تھانہ, Darul Shifa Road, Panjeshah, Purani Haveli, Ward 32 Patthergatti, Greater Hyderabad Municipal Corporation South Zone, Hyderabad, Charminar mandal, Hyderabad, Telangana, 500002, India","Mir Chowk, Charminar, Hyderabad, Telangana, India",,unresolved,17.363559199999997,78.4800903,True,507.52020076795327,231.1,237.4,166.0,126.3,52.5,84.9,2026-09-09,3.7,10.7,14.4,4.272781088723041
HR0235,GHMC-Hyderabad,Minor,Zoopark near H.P Petrol Pump,Bahadurpura,5,"Zoopark near H.P Petrol Pump, Bahadurpura, Hyderabad, Telangana, India",Minor.pdf,92,17.3570672,78.4545419,full,"Bahadurpura, Ward 56 Kishanbagh, Greater Hyderabad Municipal Corporation South Zone, Hyderabad, Bahadurpura mandal, Hyderabad, Telangana, 500064, India",,"Bahadurpura, Hyderabad, Telangana, India",ward_level,17.3575397,78.4547012,True,500.2072400000191,231.1,237.4,166.0,126.3,52.5,84.9,2026-09-09,3.7,10.7,14.4,2.229506318070535
HR0236,GHMC-Hyderabad,Minor,Tadban X roads,Bahadurpura,5,"Tadban X roads, Bahadurpura, Hyderabad, Telangana, India",Minor.pdf,93,17.3570672,78.4545419,full,"Bahadurpura, Ward 56 Kishanbagh, Greater Hyderabad Municipal Corporation South Zone, Hyderabad, Bahadurpura mandal, Hyderabad, Telangana, 500064, India",,"Bahadurpura, Hyderabad, Telangana, India",ward_level,17.3564444,78.45482539999999,True,500.2072400000191,231.1,237.4,166.0,126.3,52.5,84.9,2026-09-09,3.7,10.7,14.4,2.229506318070535
HR0237,GHMC-Hyderabad,Minor,Allandullah Hotel near Metro theatre Bahadurpura,Bahadurpura,5,"Allandullah Hotel near Metro theatre Bahadurpura, Hyderabad, Telangana, India",Minor.pdf,94,17.3570672,78.4545419,full,"Bahadurpura, Ward 56 Kishanbagh, Greater Hyderabad Municipal Corporation South Zone, Hyderabad, Bahadurpura mandal, Hyderabad, Telangana, 500064, India",,"Bahadurpura, Hyderabad, Telangana, India",ward_level,17.3569115,78.4542719,True,500.2072400000191,231.1,237.4,166.0,126.3,52.5,84.9,2026-09-09,3.7,10.7,14.4,2.229506318070535
HR0238,GHMC-Hyderabad,Minor,Padmavathi Mess (Bahadurprua),Bahadurpura,5,"Padmavathi Mess (Bahadurprua), Bahadurpura, Hyderabad, Telangana, India",Minor.pdf,95,17.3570672,78.4545419,full,"Bahadurpura, Ward 56 Kishanbagh, Greater Hyderabad Municipal Corporation South Zone, Hyderabad, Bahadurpura mandal, Hyderabad, Telangana, 500064, India",,"Bahadurpura, Hyderabad, Telangana, India",ward_level,17.3566739,78.4540847,True,500.2072400000191,231.1,237.4,166.0,126.3,52.5,84.9,2026-09-09,3.7,10.7,14.4,2.229506318070535
HR0239,GHMC-Hyderabad,Minor,Near DM&HS,Sultan Bazar,8,"Near DM&HS, Sultan Bazar, Hyderabad, Telangana, India",Minor.pdf,96,17.3870437,78.4869648,full,"Sultan Bazar, Ward 78 Gunfoundry, Greater Hyderabad Municipal Corporation Central Zone, Hyderabad, Nampally mandal, Hyderabad, Telangana, 500095, India",,"Sultan Bazar, Hyderabad, Telangana, India",ward_level,17.3877313,78.486441,True,510.40441559038806,249.8,237.7,170.7,128.0,58.8,80.5,2026-09-09,2.6,14.6,22.1,3.164286303809851
HR0240,GHMC-Hyderabad,Minor,94 Bus stop lane,Sultan Bazar,8,"94 Bus stop lane, Sultan Bazar, Hyderabad, Telangana, India",Minor.pdf,97,17.3870437,78.4869648,full,"Sultan Bazar, Ward 78 Gunfoundry, Greater Hyderabad Municipal Corporation Central Zone, Hyderabad, Nampally mandal, Hyderabad, Telangana, 500095, India",,"Sultan Bazar, Hyderabad, Telangana, India",ward_level,17.3870779,78.486783,True,510.40441559038806,249.8,237.7,170.7,128.0,58.8,80.5,2026-09-09,2.6,14.6,22.1,3.164286303809851
HR0241,GHMC-Hyderabad,Minor,Near Central Library Afzalgunj,Sultan Bazar,8,"Near Central Library Afzalgunj, Sultan Bazar, Hyderabad, Telangana, India",Minor.pdf,98,17.3870437,78.4869648,full,"Sultan Bazar, Ward 78 Gunfoundry, Greater Hyderabad Municipal Corporation Central Zone, Hyderabad, Nampally mandal, Hyderabad, Telangana, 500095, India",,"Sultan Bazar, Hyderabad, Telangana, India",ward_level,17.3862625,78.48636359999999,True,510.40441559038806,249.8,237.7,170.7,128.0,58.8,80.5,2026-09-09,2.6,14.6,22.1,3.164286303809851
HR0242,GHMC-Hyderabad,Minor,"Near Vikranthi Theater, Jambagh",Sultan Bazar,8,"Near Vikranthi Theater, Jambagh, Sultan Bazar, Hyderabad, Telangana, India",Minor.pdf,99,17.3870437,78.4869648,full,"Sultan Bazar, Ward 78 Gunfoundry, Greater Hyderabad Municipal Corporation Central Zone, Hyderabad, Nampally mandal, Hyderabad, Telangana, 500095, India",,"Sultan Bazar, Hyderabad, Telangana, India",ward_level,17.3866783,78.4865085,True,510.40441559038806,249.8,237.7,170.7,128.0,58.8,80.5,2026-09-09,2.6,14.6,22.1,3.164286303809851
HR0243,GHMC-Hyderabad,Minor,At Azampura Bus stop.,Sultan Bazar,4,"At Azampura Bus stop., Sultan Bazar, Hyderabad, Telangana, India",Minor.pdf,100,17.3870437,78.4869648,full,"Sultan Bazar, Ward 78 Gunfoundry, Greater Hyderabad Municipal Corporation Central Zone, Hyderabad, Nampally mandal, Hyderabad, Telangana, 500095, India",,"Sultan Bazar, Hyderabad, Telangana, India",ward_level,17.3871238,78.4869468,True,510.40441559038806,249.8,237.7,170.7,128.0,58.8,80.5,2026-09-09,2.6,14.6,22.1,3.164286303809851
HR0244,GHMC-Hyderabad,Minor,Opp Sham Hotel Moosarambagh,Sultan Bazar,4,"Opp Sham Hotel Moosarambagh, Sultan Bazar, Hyderabad, Telangana, India",Minor.pdf,101,17.3870437,78.4869648,full,"Sultan Bazar, Ward 78 Gunfoundry, Greater Hyderabad Municipal Corporation Central Zone, Hyderabad, Nampally mandal, Hyderabad, Telangana, 500095, India",,"Sultan Bazar, Hyderabad, Telangana, India",ward_level,17.3872255,78.4877892,True,510.40441559038806,249.8,237.7,170.7,128.0,58.8,80.5,2026-09-09,2.6,14.6,22.1,3.164286303809851
HR0245,GHMC-Hyderabad,Minor,"Shalivahana Nagar, Maxvision.",Sultan Bazar,4,"Shalivahana Nagar, Maxvision., Sultan Bazar, Hyderabad, Telangana, India",Minor.pdf,102,17.3870437,78.4869648,full,"Sultan Bazar, Ward 78 Gunfoundry, Greater Hyderabad Municipal Corporation Central Zone, Hyderabad, Nampally mandal, Hyderabad, Telangana, 500095, India",,"Sultan Bazar, Hyderabad, Telangana, India",ward_level,17.3862067,78.4876614,True,510.40441559038806,249.8,237.7,170.7,128.0,58.8,80.5,2026-09-09,2.6,14.6,22.1,3.164286303809851
HR0246,GHMC-Hyderabad,Minor,"R.S. Brother, Dilshuknagar.",Sultan Bazar,4,"R.S. Brother, Dilshuknagar., Sultan Bazar, Hyderabad, Telangana, India",Minor.pdf,103,17.3870437,78.4869648,full,"Sultan Bazar, Ward 78 Gunfoundry, Greater Hyderabad Municipal Corporation Central Zone, Hyderabad, Nampally mandal, Hyderabad, Telangana, 500095, India",,"Sultan Bazar, Hyderabad, Telangana, India",ward_level,17.3875702,78.4873077,True,510.40441559038806,249.8,237.7,170.7,128.0,58.8,80.5,2026-09-09,2.6,14.6,22.1,3.164286303809851
HR0247,GHMC-Hyderabad,Minor,"Sulab Complex, Gaddiannaram.",Sultan Bazar,4,"Sulab Complex, Gaddiannaram., Sultan Bazar, Hyderabad, Telangana, India",Minor.pdf,104,17.3870437,78.4869648,full,"Sultan Bazar, Ward 78 Gunfoundry, Greater Hyderabad Municipal Corporation Central Zone, Hyderabad, Nampally mandal, Hyderabad, Telangana, 500095, India",,"Sultan Bazar, Hyderabad, Telangana, India",ward_level,17.3872219,78.486441,True,510.40441559038806,249.8,237.7,170.7,128.0,58.8,80.5,2026-09-09,2.6,14.6,22.1,3.164286303809851
HR0248,GHMC-Hyderabad,Minor,In front of Amberpet Temple,Kachiguda,9,"In front of Amberpet Temple, Kachiguda, Hyderabad, Telangana, India",Minor.pdf,105,17.4251271,78.5220874,full,"Don Bosco School, Ravindra Nagar, Sitaphalmandi, Osmania University, Amberpet, Secunderabad, Telangana 500061, Saibaba Temple Road., Manikeshwari Nagar, Musheerabad, Marredpally mandal, Greater Hyderabad Municipal Corporation North Zone, Hyderabad, Musheerabad mandal, Hyderabad, Telangana, 500061, India",,"Amberpet Temple, Hyderabad, Telangana, India",point_level,17.4251271,78.5220874,False,527.6637586783844,249.8,237.7,174.5,128.0,58.8,73.6,2026-09-09,2.2,11.1,19.2,3.2757138875824277
HR0249,GHMC-Hyderabad,Minor,Near Fever Hospital Bridge at SBI ATM,Kachiguda,9,"Near Fever Hospital Bridge at SBI ATM, Kachiguda, Hyderabad, Telangana, India",Minor.pdf,106,17.3900402,78.4946205,full,"Ward 80 Kachiguda, Greater Hyderabad Municipal Corporation Central Zone, Hyderabad, Himayatnagar mandal, Hyderabad, Telangana, 500027, India",,"Kachiguda, Hyderabad, Telangana, India",area_level,17.389804400000003,78.4950831,True,498.76355646399406,249.8,237.7,170.7,128.0,58.8,80.5,2026-09-09,2.6,14.6,22.1,1.5696167807586496
HR0250,GHMC-Hyderabad,Minor,T.Y. Mandali free left in front of Rukkus Dental Hospital,Kachiguda,9,"T.Y. Mandali free left in front of Rukkus Dental Hospital, Kachiguda, Hyderabad, Telangana, India",Minor.pdf,107,17.3900402,78.4946205,full,"Ward 80 Kachiguda, Greater Hyderabad Municipal Corporation Central Zone, Hyderabad, Himayatnagar mandal, Hyderabad, Telangana, 500027, India",,"Kachiguda, Hyderabad, Telangana, India",area_level,17.389211300000003,78.4947852,True,498.76355646399406,249.8,237.7,170.7,128.0,58.8,80.5,2026-09-09,2.6,14.6,22.1,1.5696167807586496
HR0251,GHMC-Hyderabad,Minor,Crown Cafe towards Sundaraiah Park free left,Kachiguda,9,"Crown Cafe towards Sundaraiah Park free left, Kachiguda, Hyderabad, Telangana, India",Minor.pdf,108,17.3900402,78.4946205,full,"Ward 80 Kachiguda, Greater Hyderabad Municipal Corporation Central Zone, Hyderabad, Himayatnagar mandal, Hyderabad, Telangana, 500027, India",,"Kachiguda, Hyderabad, Telangana, India",area_level,17.3901365,78.4938636,True,498.76355646399406,249.8,237.7,170.7,128.0,58.8,80.5,2026-09-09,2.6,14.6,22.1,1.5696167807586496
HR0252,GHMC-Hyderabad,Minor,Crown Cafe (fly over starting),Kachiguda,9,"Crown Cafe (fly over starting), Kachiguda, Hyderabad, Telangana, India",Minor.pdf,109,17.3900402,78.4946205,full,"Ward 80 Kachiguda, Greater Hyderabad Municipal Corporation Central Zone, Hyderabad, Himayatnagar mandal, Hyderabad, Telangana, 500027, India",,"Kachiguda, Hyderabad, Telangana, India",area_level,17.390917700000003,78.4950471,True,498.76355646399406,249.8,237.7,170.7,128.0,58.8,80.5,2026-09-09,2.6,14.6,22.1,1.5696167807586496
HR0253,GHMC-Hyderabad,Minor,"in front of church , Golnaka",Kachiguda,9,"in front of church , Golnaka, Kachiguda, Hyderabad, Telangana, India",Minor.pdf,110,17.3900402,78.4946205,full,"Ward 80 Kachiguda, Greater Hyderabad Municipal Corporation Central Zone, Hyderabad, Himayatnagar mandal, Hyderabad, Telangana, 500027, India",,"Kachiguda, Hyderabad, Telangana, India",area_level,17.3907251,78.4947825,True,498.76355646399406,249.8,237.7,170.7,128.0,58.8,80.5,2026-09-09,2.6,14.6,22.1,1.5696167807586496
HR0254,GHMC-Hyderabad,Minor,"Mahanagar Co-operative Bank, Nimboliadda",Kachiguda,9,"Mahanagar Co-operative Bank, Nimboliadda, Kachiguda, Hyderabad, Telangana, India",Minor.pdf,111,17.3900402,78.4946205,full,"Ward 80 Kachiguda, Greater Hyderabad Municipal Corporation Central Zone, Hyderabad, Himayatnagar mandal, Hyderabad, Telangana, 500027, India",,"Kachiguda, Hyderabad, Telangana, India",area_level,17.3895155,78.4950192,True,498.76355646399406,249.8,237.7,170.7,128.0,58.8,80.5,2026-09-09,2.6,14.6,22.1,1.5696167807586496
HR0255,GHMC-Hyderabad,Minor,at Petrol Pump near Royal Juice corner,Kachiguda,9,"at Petrol Pump near Royal Juice corner, Kachiguda, Hyderabad, Telangana, India",Minor.pdf,112,17.3900402,78.4946205,full,"Ward 80 Kachiguda, Greater Hyderabad Municipal Corporation Central Zone, Hyderabad, Himayatnagar mandal, Hyderabad, Telangana, 500027, India",,"Kachiguda, Hyderabad, Telangana, India",area_level,17.390331800000002,78.49426679999999,True,498.76355646399406,249.8,237.7,170.7,128.0,58.8,80.5,2026-09-09,2.6,14.6,22.1,1.5696167807586496
HR0256,GHMC-Hyderabad,Minor,"Fever Hospital, Nallakunta(Free Left)",Nallakunta Sri. Raju Naik Sr. SI of Police,9,"Fever Hospital, Nallakunta(Free Left), Nallakunta Sri. Raju Naik Sr. SI of Police, Hyderabad, Telangana, India",Minor.pdf,113,17.3975005,78.50557,retry_success,"Nallakunta, Ward 81 Nallakunta, Greater Hyderabad Municipal Corporation Central Zone, Hyderabad, Amberpet mandal, Hyderabad, Telangana, 500044, India","Nallakunta, Hyderabad, Telangana, India",,unresolved,17.3980144,78.5060452,True,494.9013999999538,249.8,237.7,174.5,128.0,58.8,73.6,2026-09-09,2.2,11.1,19.2,6.2204647510574995
HR0257,GHMC-Hyderabad,Minor,Tarnaka Bus Stop,Nallakunta Sri. Raju Naik Sr. SI of Police,18,"Tarnaka Bus Stop, Nallakunta Sri. Raju Naik Sr. SI of Police, Hyderabad, Telangana, India",Minor.pdf,114,17.4257801,78.5329322,retry_success,"Tarnaka Bus Stop, Habsiguda Main Road, Marredpally mandal, Greater Hyderabad Municipal Corporation North Zone, Hyderabad, Telangana, 500017, India","Nallakunta, Hyderabad, Telangana, India","Tarnaka Bus Stop, Hyderabad, Telangana, India",point_level,17.4257801,78.5329322,False,532.9756965087929,249.8,237.7,174.5,128.0,58.8,73.6,2026-09-09,2.2,11.1,19.2,3.4799461324353267
HR0258,GHMC-Hyderabad,Minor,OU Ladies Hostel Bus Stop,Nallakunta Sri. Raju Naik Sr. SI of Police,18,"OU Ladies Hostel Bus Stop, Nallakunta Sri. Raju Naik Sr. SI of Police, Hyderabad, Telangana, India",Minor.pdf,115,17.3975005,78.50557,retry_success,"Nallakunta, Ward 81 Nallakunta, Greater Hyderabad Municipal Corporation Central Zone, Hyderabad, Amberpet mandal, Hyderabad, Telangana, 500044, India","Nallakunta, Hyderabad, Telangana, India",,unresolved,17.3967985,78.50621170000001,True,494.9013999999538,249.8,237.7,174.5,128.0,58.8,73.6,2026-09-09,2.2,11.1,19.2,6.2204647510574995
HR0259,GHMC-Hyderabad,Minor,Lalapet Bus Stop,Nallakunta Sri. Raju Naik Sr. SI of Police,18,"Lalapet Bus Stop, Nallakunta Sri. Raju Naik Sr. SI of Police, Hyderabad, Telangana, India",Minor.pdf,116,17.3975005,78.50557,retry_success,"Nallakunta, Ward 81 Nallakunta, Greater Hyderabad Municipal Corporation Central Zone, Hyderabad, Amberpet mandal, Hyderabad, Telangana, 500044, India","Nallakunta, Hyderabad, Telangana, India",,unresolved,17.398018,78.50476090000001,True,494.9013999999538,249.8,237.7,174.5,128.0,58.8,73.6,2026-09-09,2.2,11.1,19.2,6.2204647510574995
HR0260,GHMC-Hyderabad,Minor,"Tarnaka, BSNL Office",Nallakunta Sri. Raju Naik Sr. SI of Police,18,"Tarnaka, BSNL Office, Nallakunta Sri. Raju Naik Sr. SI of Police, Hyderabad, Telangana, India",Minor.pdf,117,17.3975005,78.50557,retry_success,"Nallakunta, Ward 81 Nallakunta, Greater Hyderabad Municipal Corporation Central Zone, Hyderabad, Amberpet mandal, Hyderabad, Telangana, 500044, India","Nallakunta, Hyderabad, Telangana, India",,unresolved,17.3981485,78.5047924,True,494.9013999999538,249.8,237.7,174.5,128.0,58.8,73.6,2026-09-09,2.2,11.1,19.2,6.2204647510574995
HR0261,GHMC-Hyderabad,Minor,Vidya Nagar (Near Lucky Hotel),Nallakunta Sri. Raju Naik Sr. SI of Police,9,"Vidya Nagar (Near Lucky Hotel), Nallakunta Sri. Raju Naik Sr. SI of Police, Hyderabad, Telangana, India",Minor.pdf,118,17.3975005,78.50557,retry_success,"Nallakunta, Ward 81 Nallakunta, Greater Hyderabad Municipal Corporation Central Zone, Hyderabad, Amberpet mandal, Hyderabad, Telangana, 500044, India","Nallakunta, Hyderabad, Telangana, India",,unresolved,17.3978254,78.50639980000001,True,494.9013999999538,249.8,237.7,174.5,128.0,58.8,73.6,2026-09-09,2.2,11.1,19.2,6.2204647510574995
HR0262,GHMC-Hyderabad,Minor,Bhoiguda Kaman to Manghalhat Road,Goshamahal,8,"Bhoiguda Kaman to Manghalhat Road, Goshamahal, Hyderabad, Telangana, India",Minor.pdf,119,17.3805762,78.468846,full,"Goshamahal, Ward 51 Goshamahal, Greater Hyderabad Municipal Corporation Central Zone, Hyderabad, Nampally mandal, Hyderabad, Telangana, 500012, India",,"Goshamahal, Hyderabad, Telangana, India",ward_level,17.38119,78.4696605,True,499.0057600000016,249.8,237.7,170.7,128.0,58.8,80.5,2026-09-09,2.6,14.6,22.1,3.2118263914675067
HR0263,GHMC-Hyderabad,Minor,M J Bridge to Jumerath bazaar Road,Goshamahal,8,"M J Bridge to Jumerath bazaar Road, Goshamahal, Hyderabad, Telangana, India",Minor.pdf,120,17.3805762,78.468846,full,"Goshamahal, Ward 51 Goshamahal, Greater Hyderabad Municipal Corporation Central Zone, Hyderabad, Nampally mandal, Hyderabad, Telangana, 500012, India",,"Goshamahal, Hyderabad, Telangana, India",ward_level,17.3806176,78.4682628,True,499.0057600000016,249.8,237.7,170.7,128.0,58.8,80.5,2026-09-09,2.6,14.6,22.1,3.2118263914675067
HR0264,GHMC-Hyderabad,Minor,Gayatri Hotel (Medwin Hospital),Goshamahal,8,"Gayatri Hotel (Medwin Hospital), Goshamahal, Hyderabad, Telangana, India",Minor.pdf,121,17.3805762,78.468846,full,"Goshamahal, Ward 51 Goshamahal, Greater Hyderabad Municipal Corporation Central Zone, Hyderabad, Nampally mandal, Hyderabad, Telangana, 500012, India",,"Goshamahal, Hyderabad, Telangana, India",ward_level,17.3799507,78.4685616,True,499.0057600000016,249.8,237.7,170.7,128.0,58.8,80.5,2026-09-09,2.6,14.6,22.1,3.2118263914675067
HR0265,GHMC-Hyderabad,Minor,Taj Island,Goshamahal,8,"Taj Island, Goshamahal, Hyderabad, Telangana, India",Minor.pdf,122,17.3805762,78.468846,full,"Goshamahal, Ward 51 Goshamahal, Greater Hyderabad Municipal Corporation Central Zone, Hyderabad, Nampally mandal, Hyderabad, Telangana, 500012, India",,"Goshamahal, Hyderabad, Telangana, India",ward_level,17.3797815,78.4688811,True,499.0057600000016,249.8,237.7,170.7,128.0,58.8,80.5,2026-09-09,2.6,14.6,22.1,3.2118263914675067
HR0266,GHMC-Hyderabad,Minor,Cancer Hospital (Opposite road),Goshamahal,7,"Cancer Hospital (Opposite road), Goshamahal, Hyderabad, Telangana, India",Minor.pdf,123,17.4173334,78.4301109,full,"Basavatarakam Indo American Cancer Institute And Research Centre, Banjara Hills Road Number 10, Gauri Shankar Nagar, Banjara Hills, Ward 92 Venkateshwara Colony, Greater Hyderabad Municipal Corporation Central Zone, Hyderabad, Shaikpet mandal, Hyderabad, Telangana, 500034, India",,"Cancer Hospital ( road), Hyderabad, Telangana, India",point_level,17.4173334,78.4301109,False,609.6015599999689,249.8,237.7,170.7,128.0,58.8,80.5,2026-09-09,2.6,14.6,22.1,5.203869984573727
HR0267,GHMC-Hyderabad,Minor,Balaji Sitharam (Nilofer),Goshamahal,7,"Balaji Sitharam (Nilofer), Goshamahal, Hyderabad, Telangana, India",Minor.pdf,124,17.3805762,78.468846,full,"Goshamahal, Ward 51 Goshamahal, Greater Hyderabad Municipal Corporation Central Zone, Hyderabad, Nampally mandal, Hyderabad, Telangana, 500012, India",,"Goshamahal, Hyderabad, Telangana, India",ward_level,17.3803422,78.4694085,True,499.0057600000016,249.8,237.7,170.7,128.0,58.8,80.5,2026-09-09,2.6,14.6,22.1,3.2118263914675067
HR0268,GHMC-Hyderabad,Minor,Chartered Account College (Near Balaji Sitharam Nilofer),Goshamahal,7,"Chartered Account College (Near Balaji Sitharam Nilofer), Goshamahal, Hyderabad, Telangana, India",Minor.pdf,125,17.3805762,78.468846,full,"Goshamahal, Ward 51 Goshamahal, Greater Hyderabad Municipal Corporation Central Zone, Hyderabad, Nampally mandal, Hyderabad, Telangana, 500012, India",,"Goshamahal, Hyderabad, Telangana, India",ward_level,17.3813907,78.4687749,True,499.0057600000016,249.8,237.7,170.7,128.0,58.8,80.5,2026-09-09,2.6,14.6,22.1,3.2118263914675067
HR0269,GHMC-Hyderabad,Minor,Near Alsaba X Road towards Masabtank raod,Asif Nagar,7,"Near Alsaba X Road towards Masabtank raod, Asif Nagar, Hyderabad, Telangana, India",Minor.pdf,126,17.3857483,78.4505083,full,"Asif Nagar, Tappachabutra road, HUDA Colony, Ward 72 Asif Nagar, Greater Hyderabad Municipal Corporation Central Zone, Hyderabad, Asif Nagar mandal, Hyderabad, Telangana, 500006, India",,"Asif Nagar, Hyderabad, Telangana, India",point_level,17.3849257,78.45039129999999,True,520.2221971344209,249.8,237.7,170.7,128.0,58.8,80.5,2026-09-09,2.6,14.6,22.1,1.6807748820001092
HR0270,GHMC-Hyderabad,Minor,"Kings Palace Function Hall Road, GudiMaklapur",Asif Nagar,7,"Kings Palace Function Hall Road, GudiMaklapur, Asif Nagar, Hyderabad, Telangana, India",Minor.pdf,127,17.3857483,78.4505083,full,"Asif Nagar, Tappachabutra road, HUDA Colony, Ward 72 Asif Nagar, Greater Hyderabad Municipal Corporation Central Zone, Hyderabad, Asif Nagar mandal, Hyderabad, Telangana, 500006, India",,"Asif Nagar, Hyderabad, Telangana, India",point_level,17.3863675,78.4497739,True,520.2221971344209,249.8,237.7,170.7,128.0,58.8,80.5,2026-09-09,2.6,14.6,22.1,1.6807748820001092
HR0271,GHMC-Hyderabad,Minor,"Sai Baba Temple, GudiMalkapur Road",Asif Nagar,7,"Sai Baba Temple, GudiMalkapur Road, Asif Nagar, Hyderabad, Telangana, India",Minor.pdf,128,17.3857483,78.4505083,full,"Asif Nagar, Tappachabutra road, HUDA Colony, Ward 72 Asif Nagar, Greater Hyderabad Municipal Corporation Central Zone, Hyderabad, Asif Nagar mandal, Hyderabad, Telangana, 500006, India",,"Asif Nagar, Hyderabad, Telangana, India",point_level,17.3864242,78.44994849999999,True,520.2221971344209,249.8,237.7,170.7,128.0,58.8,80.5,2026-09-09,2.6,14.6,22.1,1.6807748820001092
HR0272,GHMC-Hyderabad,Minor,"In front of Bake Well Bakers, Toli Chowki X roads towards Hakeem Pet Corner.",Tolichowki,7,"In front of Bake Well Bakers, Toli Chowki X roads towards Hakeem Pet Corner., Tolichowki, Hyderabad, Telangana, India",Minor.pdf,129,17.4002904,78.4118051,full,"Tolichowki, Ward 94 Shaikpet, Greater Hyderabad Municipal Corporation Central Zone, Hyderabad, Shaikpet mandal, Hyderabad, Telangana, 500096, India",,"Tolichowki, Hyderabad, Telangana, India",ward_level,17.400800699999998,78.4113065,True,536.5925200000127,249.8,237.7,163.0,128.0,58.8,90.2,2026-09-09,0.9,13.099999999999998,18.5,2.9627177543750403
HR0273,GHMC-Hyderabad,Minor,"In front of Bake well cake house, Toli Chowki X- roads towards 7 Tombs road side.",Tolichowki,7,"In front of Bake well cake house, Toli Chowki X- roads towards 7 Tombs road side., Tolichowki, Hyderabad, Telangana, India",Minor.pdf,130,17.4002904,78.4118051,full,"Tolichowki, Ward 94 Shaikpet, Greater Hyderabad Municipal Corporation Central Zone, Hyderabad, Shaikpet mandal, Hyderabad, Telangana, 500096, India",,"Tolichowki, Hyderabad, Telangana, India",ward_level,17.3999286,78.41260249999999,True,536.5925200000127,249.8,237.7,163.0,128.0,58.8,90.2,2026-09-09,0.9,13.099999999999998,18.5,2.9627177543750403
HR0274,GHMC-Hyderabad,Minor,Near Hanuman Temple in between Langer House L&O PS Moghal-ka-Nala X roads,Tolichowki,7,"Near Hanuman Temple in between Langer House L&O PS Moghal-ka-Nala X roads, Tolichowki, Hyderabad, Telangana, India",Minor.pdf,131,17.4002904,78.4118051,full,"Tolichowki, Ward 94 Shaikpet, Greater Hyderabad Municipal Corporation Central Zone, Hyderabad, Shaikpet mandal, Hyderabad, Telangana, 500096, India",,"Tolichowki, Hyderabad, Telangana, India",ward_level,17.400447,78.41145499999999,True,536.5925200000127,249.8,237.7,163.0,128.0,58.8,90.2,2026-09-09,0.9,13.099999999999998,18.5,2.9627177543750403
HR0275,GHMC-Hyderabad,Minor,Andhra Floor Mill towards Langer houseNear Hanuman Temple,Tolichowki,7,"Andhra Floor Mill towards Langer houseNear Hanuman Temple, Tolichowki, Hyderabad, Telangana, India",Minor.pdf,132,17.4002904,78.4118051,full,"Tolichowki, Ward 94 Shaikpet, Greater Hyderabad Municipal Corporation Central Zone, Hyderabad, Shaikpet mandal, Hyderabad, Telangana, 500096, India",,"Tolichowki, Hyderabad, Telangana, India",ward_level,17.4009168,78.4118276,True,536.5925200000127,249.8,237.7,163.0,128.0,58.8,90.2,2026-09-09,0.9,13.099999999999998,18.5,2.9627177543750403
HR0276,GHMC-Hyderabad,Minor,At Ramalayam temple near the foot of the Attapur fly over at Langer house.o work is done by GHMC,Tolichowki,7,"At Ramalayam temple near the foot of the Attapur fly over at Langer house.o work is done by GHMC, Tolichowki, Hyderabad, Telangana, India",Minor.pdf,133,17.4002904,78.4118051,full,"Tolichowki, Ward 94 Shaikpet, Greater Hyderabad Municipal Corporation Central Zone, Hyderabad, Shaikpet mandal, Hyderabad, Telangana, 500096, India",,"Tolichowki, Hyderabad, Telangana, India",ward_level,17.3994462,78.4116026,True,536.5925200000127,249.8,237.7,163.0,128.0,58.8,90.2,2026-09-09,0.9,13.099999999999998,18.5,2.9627177543750403
HR0277,GHMC-Cyberabad,Unclassified,Narsapur X Road (Near Andhra Bank),Balanagar,14,"Narsapur X Road (Near Andhra Bank), Balanagar, Hyderabad, Telangana, India",32cyd.pdf,1,17.4768224,78.4219645,full,"Balanagar, Kukkatpally Main Road - Mumbai Highway, Habeeb Nagar, Ward 115 Balaji Nagar, Greater Hyderabad Municipal Corporation West Zone, Hyderabad, Kukatpally mandal, Medchal–Malkajgiri, Telangana, 500047, India",,"Balanagar, Hyderabad, Telangana, India",point_level,17.4772274,78.42280960000001,True,550.0,249.8,237.7,161.2,128.0,58.8,77.6,2026-09-09,2.5,18.8,23.3,0.7535024253501688
HR0278,GHMC-Cyberabad,Unclassified,Narsapur X Road Free left (Kukatpally Y Junction to Jeedimetla),Balanagar,14,"Narsapur X Road Free left (Kukatpally Y Junction to Jeedimetla), Balanagar, Hyderabad, Telangana, India",32cyd.pdf,2,17.4768224,78.4219645,full,"Balanagar, Kukkatpally Main Road - Mumbai Highway, Habeeb Nagar, Ward 115 Balaji Nagar, Greater Hyderabad Municipal Corporation West Zone, Hyderabad, Kukatpally mandal, Medchal–Malkajgiri, Telangana, 500047, India",,"Balanagar, Hyderabad, Telangana, India",point_level,17.4775316,78.4211131,True,550.0,249.8,237.7,161.2,128.0,58.8,77.6,2026-09-09,2.5,18.8,23.3,0.7535024253501688
HR0279,GHMC-Cyberabad,Unclassified,Near Balanagar T Junction (Fathenagar to Narsapur X Road free left),Balanagar,14,"Near Balanagar T Junction (Fathenagar to Narsapur X Road free left), Hyderabad, Telangana, India",32cyd.pdf,3,17.4768224,78.4219645,full,"Balanagar, Kukkatpally Main Road - Mumbai Highway, Habeeb Nagar, Ward 115 Balaji Nagar, Greater Hyderabad Municipal Corporation West Zone, Hyderabad, Kukatpally mandal, Medchal–Malkajgiri, Telangana, 500047, India",,"Balanagar, Hyderabad, Telangana, India",point_level,17.4772508,78.4226386,True,550.0,249.8,237.7,161.2,128.0,58.8,77.6,2026-09-09,2.5,18.8,23.3,0.7535024253501688
HR0280,GHMC-Cyberabad,Unclassified,Erragadda – (In front of Palak hotel and Metro Rly. Station Under Bridge),Balanagar,10,"Erragadda – (In front of Palak hotel and Metro Rly. Station Under Bridge), Balanagar, Hyderabad, Telangana, India",32cyd.pdf,4,17.4768224,78.4219645,full,"Balanagar, Kukkatpally Main Road - Mumbai Highway, Habeeb Nagar, Ward 115 Balaji Nagar, Greater Hyderabad Municipal Corporation West Zone, Hyderabad, Kukatpally mandal, Medchal–Malkajgiri, Telangana, 500047, India",,"Balanagar, Hyderabad, Telangana, India",point_level,17.4776612,78.421483,True,550.0,249.8,237.7,161.2,128.0,58.8,77.6,2026-09-09,2.5,18.8,23.3,0.7535024253501688
HR0281,GHMC-Cyberabad,Unclassified,Mothinagar Junction (Near Meter factory) In front of BBR Hospital,Balanagar,10,"Mothinagar Junction (Near Meter factory) In front of BBR Hospital, Balanagar, Hyderabad, Telangana, India",32cyd.pdf,5,17.4768224,78.4219645,full,"Balanagar, Kukkatpally Main Road - Mumbai Highway, Habeeb Nagar, Ward 115 Balaji Nagar, Greater Hyderabad Municipal Corporation West Zone, Hyderabad, Kukatpally mandal, Medchal–Malkajgiri, Telangana, 500047, India",,"Balanagar, Hyderabad, Telangana, India",point_level,17.4772058,78.421636,True,550.0,249.8,237.7,161.2,128.0,58.8,77.6,2026-09-09,2.5,18.8,23.3,0.7535024253501688
HR0282,GHMC-Cyberabad,Unclassified,"Sha Theater opposite side Chintal, in front of Virabhadra electronics,",Jeedimetal,15,"Sha Theater opposite side Chintal, in front of Virabhadra electronics,, Jeedimetal, Hyderabad, Telangana, India",32cyd.pdf,6,17.519687,78.4468876,retry_success,"Jeedimetla (Basthi Dawakhana), Jeedimetla Main Road, IDA Jeedimetla, Ward 130 Subash Nagar, Greater Hyderabad Municipal Corporation North Zone, Hyderabad, Quthbullapur mandal, Medchal–Malkajgiri, Telangana, 500055, India","Jeedimetla, Hyderabad, Telangana, India",,unresolved,17.5194431,78.4465105,True,576.3054916480074,249.8,237.7,171.6,128.0,58.8,83.0,2026-09-09,2.5,16.6,19.4,1.2912466157922846
HR0283,GHMC-Cyberabad,Unclassified,"Shapur Nagr, Near Raithu Bzar.",Jeedimetal,15,"Shapur Nagr, Near Raithu Bzar., Jeedimetal, Hyderabad, Telangana, India",32cyd.pdf,7,17.519687,78.4468876,retry_success,"Jeedimetla (Basthi Dawakhana), Jeedimetla Main Road, IDA Jeedimetla, Ward 130 Subash Nagar, Greater Hyderabad Municipal Corporation North Zone, Hyderabad, Quthbullapur mandal, Medchal–Malkajgiri, Telangana, 500055, India","Jeedimetla, Hyderabad, Telangana, India",,unresolved,17.5200542,78.4476364,True,576.3054916480074,249.8,237.7,171.6,128.0,58.8,83.0,2026-09-09,2.5,16.6,19.4,1.2912466157922846
HR0284,GHMC-Cyberabad,Unclassified,JETL to Jeedidemetla Bus Depot.,Jeedimetal,15,"JETL to Jeedidemetla Bus Depot., Jeedimetal, Hyderabad, Telangana, India",32cyd.pdf,8,17.519687,78.4468876,retry_success,"Jeedimetla (Basthi Dawakhana), Jeedimetla Main Road, IDA Jeedimetla, Ward 130 Subash Nagar, Greater Hyderabad Municipal Corporation North Zone, Hyderabad, Quthbullapur mandal, Medchal–Malkajgiri, Telangana, 500055, India","Jeedimetla, Hyderabad, Telangana, India",,unresolved,17.5199633,78.4462252,True,576.3054916480074,249.8,237.7,171.6,128.0,58.8,83.0,2026-09-09,2.5,16.6,19.4,1.2912466157922846
HR0285,GHMC-Cyberabad,Unclassified,"Saibaba Temple ,Suraram. Saipuja theater,Suraram",Jeedimetal,15,"Saibaba Temple ,Suraram. Saipuja theater,Suraram, Jeedimetal, Hyderabad, Telangana, India",32cyd.pdf,9,17.519687,78.4468876,retry_success,"Jeedimetla (Basthi Dawakhana), Jeedimetla Main Road, IDA Jeedimetla, Ward 130 Subash Nagar, Greater Hyderabad Municipal Corporation North Zone, Hyderabad, Quthbullapur mandal, Medchal–Malkajgiri, Telangana, 500055, India","Jeedimetla, Hyderabad, Telangana, India",,unresolved,17.5198463,78.44640969999999,True,576.3054916480074,249.8,237.7,171.6,128.0,58.8,83.0,2026-09-09,2.5,16.6,19.4,1.2912466157922846
HR0286,GHMC-Cyberabad,Unclassified,"Railway Lower Bridge, Lingampally",Jeedimetal,11,"Railway Lower Bridge, Lingampally, Jeedimetal, Hyderabad, Telangana, India",32cyd.pdf,10,17.519687,78.4468876,retry_success,"Jeedimetla (Basthi Dawakhana), Jeedimetla Main Road, IDA Jeedimetla, Ward 130 Subash Nagar, Greater Hyderabad Municipal Corporation North Zone, Hyderabad, Quthbullapur mandal, Medchal–Malkajgiri, Telangana, 500055, India","Jeedimetla, Hyderabad, Telangana, India",,unresolved,17.5196429,78.4462648,True,576.3054916480074,249.8,237.7,171.6,128.0,58.8,83.0,2026-09-09,2.5,16.6,19.4,1.2912466157922846
HR0287,GHMC-Cyberabad,Unclassified,"Khanaja Jewelry, Chandangar",Jeedimetal,12,"Khanaja Jewelry, Chandangar, Jeedimetal, Hyderabad, Telangana, India",32cyd.pdf,11,17.519687,78.4468876,retry_success,"Jeedimetla (Basthi Dawakhana), Jeedimetla Main Road, IDA Jeedimetla, Ward 130 Subash Nagar, Greater Hyderabad Municipal Corporation North Zone, Hyderabad, Quthbullapur mandal, Medchal–Malkajgiri, Telangana, 500055, India","Jeedimetla, Hyderabad, Telangana, India",,unresolved,17.520182900000002,78.4474951,True,576.3054916480074,249.8,237.7,171.6,128.0,58.8,83.0,2026-09-09,2.5,16.6,19.4,1.2912466157922846
HR0288,GHMC-Cyberabad,Unclassified,"Near D-Mart, Ramchandrapuram",Jeedimetal,13,"Near D-Mart, Ramchandrapuram, Jeedimetal, Hyderabad, Telangana, India",32cyd.pdf,12,17.519687,78.4468876,retry_success,"Jeedimetla (Basthi Dawakhana), Jeedimetla Main Road, IDA Jeedimetla, Ward 130 Subash Nagar, Greater Hyderabad Municipal Corporation North Zone, Hyderabad, Quthbullapur mandal, Medchal–Malkajgiri, Telangana, 500055, India","Jeedimetla, Hyderabad, Telangana, India",,unresolved,17.5193945,78.44663109999999,True,576.3054916480074,249.8,237.7,171.6,128.0,58.8,83.0,2026-09-09,2.5,16.6,19.4,1.2912466157922846
HR0289,GHMC-Cyberabad,Unclassified,BHEL Junction,Jeedimetal,13,"BHEL Junction, Jeedimetal, Hyderabad, Telangana, India",32cyd.pdf,13,17.4949277,78.315687,retry_success,"BHEL Junction, Old Bombay Road, Ward 112 Ramachandrapuram, Greater Hyderabad Municipal Corporation West Zone, Hyderabad, Ramachandrapuram mandal, Sangareddy, Telangana, 500050, India","Jeedimetla, Hyderabad, Telangana, India","BHEL Junction, Hyderabad, Telangana, India",point_level,17.4949277,78.315687,False,555.3896844960113,227.0,276.7,162.79999999999998,109.1,58.8,84.5,2026-09-09,1.6,18.90000000000001,23.000000000000004,2.5346428384209676
HR0290,GHMC-Cyberabad,Unclassified,"Near Hemadurga Temple, Allywin, Miyapur.",Jeedimetal,12,"Near Hemadurga Temple, Allywin, Miyapur., Jeedimetal, Hyderabad, Telangana, India",32cyd.pdf,14,17.519687,78.4468876,retry_success,"Jeedimetla (Basthi Dawakhana), Jeedimetla Main Road, IDA Jeedimetla, Ward 130 Subash Nagar, Greater Hyderabad Municipal Corporation North Zone, Hyderabad, Quthbullapur mandal, Medchal–Malkajgiri, Telangana, 500055, India","Jeedimetla, Hyderabad, Telangana, India",,unresolved,17.5200974,78.4475473,True,576.3054916480074,249.8,237.7,171.6,128.0,58.8,83.0,2026-09-09,2.5,16.6,19.4,1.2912466157922846
HR0291,GHMC-Cyberabad,Unclassified,"New Colony, Miyapur",Jeedimetal,12,"New Colony, Miyapur, Jeedimetal, Hyderabad, Telangana, India",32cyd.pdf,15,17.519687,78.4468876,retry_success,"Jeedimetla (Basthi Dawakhana), Jeedimetla Main Road, IDA Jeedimetla, Ward 130 Subash Nagar, Greater Hyderabad Municipal Corporation North Zone, Hyderabad, Quthbullapur mandal, Medchal–Malkajgiri, Telangana, 500055, India","Jeedimetla, Hyderabad, Telangana, India",,unresolved,17.5193891,78.44626389999999,True,576.3054916480074,249.8,237.7,171.6,128.0,58.8,83.0,2026-09-09,2.5,16.6,19.4,1.2912466157922846
HR0292,GHMC-Cyberabad,Unclassified,Hafeezpet Bus stop,Jeedimetal,12,"Hafeezpet Bus stop, Jeedimetal, Hyderabad, Telangana, India",32cyd.pdf,16,17.519687,78.4468876,retry_success,"Jeedimetla (Basthi Dawakhana), Jeedimetla Main Road, IDA Jeedimetla, Ward 130 Subash Nagar, Greater Hyderabad Municipal Corporation North Zone, Hyderabad, Quthbullapur mandal, Medchal–Malkajgiri, Telangana, 500055, India","Jeedimetla, Hyderabad, Telangana, India",,unresolved,17.520205400000002,78.44727639999999,True,576.3054916480074,249.8,237.7,171.6,128.0,58.8,83.0,2026-09-09,2.5,16.6,19.4,1.2912466157922846
HR0293,GHMC-Cyberabad,Unclassified,Hitex to Shilparamam,Madhapur,11,"Hitex to Shilparamam, Madhapur, Hyderabad, Telangana, India",32cyd.pdf,17,17.4408924,78.3916304,full,"Madhapur, Ward 104 Kondapur, Greater Hyderabad Municipal Corporation West Zone, Hyderabad, Serilingampalle mandal, Ranga Reddy, Telangana, 800081, India",,"Madhapur, Hyderabad, Telangana, India",ward_level,17.4415269,78.3919166,True,563.5558400000054,249.8,237.7,162.79999999999998,128.0,58.8,84.5,2026-09-09,1.6,18.90000000000001,23.000000000000004,3.5659089851058785
HR0294,GHMC-Cyberabad,Unclassified,2. Cyber Gateway,Madhapur,11,"2. Cyber Gateway, Madhapur, Hyderabad, Telangana, India",32cyd.pdf,18,17.4468392,78.3760627,full,"Cyber Gateway, Madhapur, Ward 104 Kondapur, Greater Hyderabad Municipal Corporation West Zone, Hyderabad, Serilingampalle mandal, Ranga Reddy, Telangana, India",,"2. Cyber Gateway, Hyderabad, Telangana, India",point_level,17.4468392,78.3760627,False,601.8356887935486,249.8,237.7,162.79999999999998,128.0,58.8,84.5,2026-09-09,1.6,18.90000000000001,23.000000000000004,6.046464000950027
HR0295,GHMC-Cyberabad,Unclassified,Ayyappa Society opp: Petrol pump,Madhapur,12,"Ayyappa Society opp: Petrol pump, Madhapur, Hyderabad, Telangana, India",32cyd.pdf,19,17.4408924,78.3916304,full,"Madhapur, Ward 104 Kondapur, Greater Hyderabad Municipal Corporation West Zone, Hyderabad, Serilingampalle mandal, Ranga Reddy, Telangana, 800081, India",,"Madhapur, Hyderabad, Telangana, India",ward_level,17.4404199,78.3916493,True,563.5558400000054,249.8,237.7,162.79999999999998,128.0,58.8,84.5,2026-09-09,1.6,18.90000000000001,23.000000000000004,3.5659089851058785
HR0296,GHMC-Cyberabad,Unclassified,Infront of Raheja IT park(Lemon Tree),Madhapur,11,"Infront of Raheja IT park(Lemon Tree), Madhapur, Hyderabad, Telangana, India",32cyd.pdf,20,17.4408924,78.3916304,full,"Madhapur, Ward 104 Kondapur, Greater Hyderabad Municipal Corporation West Zone, Hyderabad, Serilingampalle mandal, Ranga Reddy, Telangana, 800081, India",,"Madhapur, Hyderabad, Telangana, India",ward_level,17.441239799999998,78.3924566,True,563.5558400000054,249.8,237.7,162.79999999999998,128.0,58.8,84.5,2026-09-09,1.6,18.90000000000001,23.000000000000004,3.5659089851058785
HR0297,GHMC-Cyberabad,Unclassified,Nectar Garden/HMDA,Madhapur,11,"Nectar Garden/HMDA, Madhapur, Hyderabad, Telangana, India",32cyd.pdf,21,17.4408924,78.3916304,full,"Madhapur, Ward 104 Kondapur, Greater Hyderabad Municipal Corporation West Zone, Hyderabad, Serilingampalle mandal, Ranga Reddy, Telangana, 800081, India",,"Madhapur, Hyderabad, Telangana, India",ward_level,17.4413982,78.3913109,True,563.5558400000054,249.8,237.7,162.79999999999998,128.0,58.8,84.5,2026-09-09,1.6,18.90000000000001,23.000000000000004,3.5659089851058785
HR0298,GHMC-Cyberabad,Unclassified,Infront of Krutunga Restaurant at Ragavendra Nagar,Madhapur,11,"Infront of Krutunga Restaurant at Ragavendra Nagar, Madhapur, Hyderabad, Telangana, India",32cyd.pdf,22,17.4408924,78.3916304,full,"Madhapur, Ward 104 Kondapur, Greater Hyderabad Municipal Corporation West Zone, Hyderabad, Serilingampalle mandal, Ranga Reddy, Telangana, 800081, India",,"Madhapur, Hyderabad, Telangana, India",ward_level,17.441762699999998,78.3910823,True,563.5558400000054,249.8,237.7,162.79999999999998,128.0,58.8,84.5,2026-09-09,1.6,18.90000000000001,23.000000000000004,3.5659089851058785
HR0299,GHMC-Cyberabad,Unclassified,Dosha & Chutniees Near “Y” Junction,Madhapur,14,"Dosha & Chutniees Near “Y” Junction, Madhapur, Hyderabad, Telangana, India",32cyd.pdf,23,17.4408924,78.3916304,full,"Madhapur, Ward 104 Kondapur, Greater Hyderabad Municipal Corporation West Zone, Hyderabad, Serilingampalle mandal, Ranga Reddy, Telangana, 800081, India",,"Madhapur, Hyderabad, Telangana, India",ward_level,17.441764499999998,78.3907718,True,563.5558400000054,249.8,237.7,162.79999999999998,128.0,58.8,84.5,2026-09-09,1.6,18.90000000000001,23.000000000000004,3.5659089851058785
HR0300,GHMC-Cyberabad,Unclassified,Balaji Nagar Bus Stop,Madhapur,14,"Balaji Nagar Bus Stop, Madhapur, Hyderabad, Telangana, India",32cyd.pdf,24,17.4408924,78.3916304,full,"Madhapur, Ward 104 Kondapur, Greater Hyderabad Municipal Corporation West Zone, Hyderabad, Serilingampalle mandal, Ranga Reddy, Telangana, 800081, India",,"Madhapur, Hyderabad, Telangana, India",ward_level,17.4414495,78.3907862,True,563.5558400000054,249.8,237.7,162.79999999999998,128.0,58.8,84.5,2026-09-09,1.6,18.90000000000001,23.000000000000004,3.5659089851058785
HR0301,GHMC-Cyberabad,Unclassified,Ramdev Hospital,Madhapur,14,"Ramdev Hospital, Madhapur, Hyderabad, Telangana, India",32cyd.pdf,25,17.4901918,78.4069101,full,"Ramdev Rao Hospital, Kukkatpally Main Road - Mumbai Highway, Chaitanya Nagar, Kukatpally, Ward 115 Balaji Nagar, Greater Hyderabad Municipal Corporation West Zone, Hyderabad, Kukatpally mandal, Medchal–Malkajgiri, Telangana, 500072, India",,"Ramdev Hospital, Hyderabad, Telangana, India",point_level,17.4901918,78.4069101,False,575.1719490528391,249.8,237.7,161.2,128.0,58.8,77.6,2026-09-09,2.5,18.8,23.3,3.5743610540900965
HR0302,GHMC-Cyberabad,Unclassified,"Usha Mullapudi arch, Near Middle of the Traffic Booth",Madhapur,14,"Usha Mullapudi arch, Near Middle of the Traffic Booth, Madhapur, Hyderabad, Telangana, India",32cyd.pdf,26,17.4408924,78.3916304,full,"Madhapur, Ward 104 Kondapur, Greater Hyderabad Municipal Corporation West Zone, Hyderabad, Serilingampalle mandal, Ranga Reddy, Telangana, 800081, India",,"Madhapur, Hyderabad, Telangana, India",ward_level,17.4402921,78.391868,True,563.5558400000054,249.8,237.7,162.79999999999998,128.0,58.8,84.5,2026-09-09,1.6,18.90000000000001,23.000000000000004,3.5659089851058785
HR0303,GHMC-Cyberabad,Unclassified,Brundhavan Hotel,Madhapur,14,"Brundhavan Hotel, Madhapur, Hyderabad, Telangana, India",32cyd.pdf,27,17.4408924,78.3916304,full,"Madhapur, Ward 104 Kondapur, Greater Hyderabad Municipal Corporation West Zone, Hyderabad, Serilingampalle mandal, Ranga Reddy, Telangana, 800081, India",,"Madhapur, Hyderabad, Telangana, India",ward_level,17.4402363,78.3923945,True,563.5558400000054,249.8,237.7,162.79999999999998,128.0,58.8,84.5,2026-09-09,1.6,18.90000000000001,23.000000000000004,3.5659089851058785
HR0304,GHMC-Cyberabad,Unclassified,"Kaveri Bar, Hyder Nagar",Madhapur,14,"Kaveri Bar, Hyder Nagar, Madhapur, Hyderabad, Telangana, India",32cyd.pdf,28,17.4408924,78.3916304,full,"Madhapur, Ward 104 Kondapur, Greater Hyderabad Municipal Corporation West Zone, Hyderabad, Serilingampalle mandal, Ranga Reddy, Telangana, 800081, India",,"Madhapur, Hyderabad, Telangana, India",ward_level,17.440448699999997,78.3909302,True,563.5558400000054,249.8,237.7,162.79999999999998,128.0,58.8,84.5,2026-09-09,1.6,18.90000000000001,23.000000000000004,3.5659089851058785
HR0305,GHMC-Cyberabad,Unclassified,Underpass Railway Bridge at Aramghar X road,Rajendranagar,6,"Underpass Railway Bridge at Aramghar X road, Rajendranagar, Hyderabad, Telangana, India",32cyd.pdf,29,17.3346211,78.40868,full,"TGSRTC Bus Depot , Rajendranagar, Budvel, Ward 60 Rajendra Nagar, Greater Hyderabad Municipal Corporation South Zone, Hyderabad, Rajendranagar mandal, Ranga Reddy, Telangana, India",,"Rajendranagar, Hyderabad, Telangana, India",point_level,17.3341666,78.4080419,True,528.5217580800099,231.1,237.4,165.9,126.3,52.5,94.3,2026-09-09,4.7,9.7,13.1,0.23012813327866655
HR0306,GHMC-Cyberabad,Unclassified,Pallecheruvu culvert work,Rajendranagar,6,"Pallecheruvu culvert work, Rajendranagar, Hyderabad, Telangana, India",32cyd.pdf,30,17.3346211,78.40868,full,"TGSRTC Bus Depot , Rajendranagar, Budvel, Ward 60 Rajendra Nagar, Greater Hyderabad Municipal Corporation South Zone, Hyderabad, Rajendranagar mandal, Ranga Reddy, Telangana, India",,"Rajendranagar, Hyderabad, Telangana, India",point_level,17.3347489,78.4094396,True,528.5217580800099,231.1,237.4,165.9,126.3,52.5,94.3,2026-09-09,4.7,9.7,13.1,0.23012813327866655
HR0307,GHMC-Cyberabad,Unclassified,Shamshabad Railway Underpass Bridge towards Old Shamshabad PS route. Water logging at the time of rainy season and drainage system to be improved and road level to increase equal to the manholes.,RGIA,6,"Shamshabad Railway Underpass Bridge towards Old Shamshabad PS route. Water logging at the time of rainy season and drainage system to be improved and road level to increase equal to the manholes., RGIA, Hyderabad, Telangana, India",32cyd.pdf,31,17.257207,78.3451039,retry_success,"Sri Sita Rama Chandra Swami Temple, 784W+V4G, Nagarguda - Shamshabad Rd, Near Rajeev Gandhi International Airport, Shamshabad, Ammapalle, Telangana, Nethaji Rd, Narkhuda, Hyderabad, Ranga Reddy, Telangana, 501218, India","Shamshabad, Hyderabad, Telangana, India",,unresolved,17.2580935,78.3456934,True,559.0,220.7,251.6,178.5,104.5,53.0,106.0,2026-09-09,0.8,2.4000000000000004,5.6000000000000005,1.9982740362691658
HR0308,GHMC-Cyberabad,Unclassified,"2. On NH-44 near kishanguda Fly over, from: Airport to Bangalore NH-44 left turn near Kishanguda flyover, due to low level of road in rainy Season water will be logged so increase the height of road",RGIA,6,"2. On NH-44 near kishanguda Fly over, from: Airport to Bangalore NH-44 left turn near Kishanguda flyover, due to low level of road in rainy Season water will be logged so increase the height of road, RGIA, Hyderabad, Telangana, India",32cyd.pdf,32,17.257207,78.3451039,retry_success,"Sri Sita Rama Chandra Swami Temple, 784W+V4G, Nagarguda - Shamshabad Rd, Near Rajeev Gandhi International Airport, Shamshabad, Ammapalle, Telangana, Nethaji Rd, Narkhuda, Hyderabad, Ranga Reddy, Telangana, 501218, India","Shamshabad, Hyderabad, Telangana, India",,unresolved,17.257351,78.344932,True,559.0,220.7,251.6,178.5,104.5,53.0,106.0,2026-09-09,0.8,2.4000000000000004,5.6000000000000005,1.9982740362691658
